,開始日,Open,Hight,low,closed,volume,終了日,Quote asset volume,Number of trades,Taker buy base asset volume,Taker buy quote asset volume,Ignore
0,2019-05-23 09:00:00.000,0.00000600,0.00000619,0.00000583,0.00000593,23495290.00000000,2019-05-24 08:59:59.999,140.20983021,6330,11324894.00000000,67.76797900,0
1,2019-05-24 09:00:00.000,0.00000593,0.00000695,0.00000593,0.00000613,69024120.00000000,2019-05-25 08:59:59.999,441.71801425,16510,30417768.00000000,195.25604154,0
2,2019-05-25 09:00:00.000,0.00000613,0.00000650,0.00000601,0.00000626,31673496.00000000,2019-05-26 08:59:59.999,195.84335745,8008,14306980.00000000,88.56589198,0
3,2019-05-26 09:00:00.000,0.00000627,0.00000778,0.00000611,0.00000661,154119120.00000000,2019-05-27 08:59:59.999,1064.32176413,37714,69365619.00000000,480.12351642,0
4,2019-05-27 09:00:00.000,0.00000662,0.00000666,0.00000594,0.00000617,56435804.00000000,2019-05-28 08:59:59.999,351.75433427,13038,25453939.00000000,158.75050782,0
5,2019-05-28 09:00:00.000,0.00000619,0.00000640,0.00000589,0.00000603,28335709.00000000,2019-05-29 08:59:59.999,173.33540596,7027,12387302.00000000,75.83153906,0
6,2019-05-29 09:00:00.000,0.00000603,0.00000611,0.00000574,0.00000588,27423799.00000000,2019-05-30 08:59:59.999,161.23588043,6178,11749520.00000000,69.20231683,0
7,2019-05-30 09:00:00.000,0.00000588,0.00000617,0.00000536,0.00000555,61124095.00000000,2019-05-31 08:59:59.999,355.28268280,11349,29077679.00000000,168.88373279,0
8,2019-05-31 09:00:00.000,0.00000551,0.00000574,0.00000542,0.00000565,22727706.00000000,2019-06-01 08:59:59.999,126.77262259,5057,10110001.00000000,56.44209030,0
9,2019-06-01 09:00:00.000,0.00000564,0.00000567,0.00000528,0.00000537,20228649.00000000,2019-06-02 08:59:59.999,109.82962870,4296,8681156.00000000,47.20786332,0
10,2019-06-02 09:00:00.000,0.00000536,0.00000555,0.00000531,0.00000543,17328001.00000000,2019-06-03 08:59:59.999,94.13382182,4116,7656000.00000000,41.64843265,0
11,2019-06-03 09:00:00.000,0.00000544,0.00000551,0.00000513,0.00000518,15173723.00000000,2019-06-04 08:59:59.999,80.82760857,4241,5723968.00000000,30.57557806,0
12,2019-06-04 09:00:00.000,0.00000517,0.00000530,0.00000506,0.00000526,16048021.00000000,2019-06-05 08:59:59.999,83.20563690,3943,7617369.00000000,39.51479935,0
13,2019-06-05 09:00:00.000,0.00000525,0.00000552,0.00000524,0.00000543,13219482.00000000,2019-06-06 08:59:59.999,71.34526274,3986,6602790.00000000,35.64886971,0
14,2019-06-06 09:00:00.000,0.00000542,0.00000555,0.00000491,0.00000520,40563793.00000000,2019-06-07 08:59:59.999,210.57982305,12309,15107380.00000000,78.64739728,0
15,2019-06-07 09:00:00.000,0.00000521,0.00000542,0.00000516,0.00000530,17438903.00000000,2019-06-08 08:59:59.999,92.29155489,4518,8091596.00000000,42.81751956,0
16,2019-06-08 09:00:00.000,0.00000529,0.00000544,0.00000526,0.00000535,15542998.00000000,2019-06-09 08:59:59.999,83.13905966,3027,6104910.00000000,32.65768777,0
17,2019-06-09 09:00:00.000,0.00000534,0.00000564,0.00000527,0.00000531,24028638.00000000,2019-06-10 08:59:59.999,130.21222104,5889,11260512.00000000,61.08240443,0
18,2019-06-10 09:00:00.000,0.00000531,0.00000860,0.00000524,0.00000709,520093187.00000000,2019-06-11 08:59:59.999,3765.36644331,93050,251709999.00000000,1815.70111984,0
19,2019-06-11 09:00:00.000,0.00000709,0.00000782,0.00000655,0.00000676,187247557.00000000,2019-06-12 08:59:59.999,1325.73329956,33927,83430593.00000000,592.58108652,0
20,2019-06-12 09:00:00.000,0.00000675,0.00000808,0.00000628,0.00000747,169428018.00000000,2019-06-13 08:59:59.999,1233.37919369,36843,78614320.00000000,573.51131075,0
21,2019-06-13 09:00:00.000,0.00000749,0.00000968,0.00000729,0.00000773,271962493.00000000,2019-06-14 08:59:59.999,2246.50249990,57729,125609879.00000000,1040.02826705,0
22,2019-06-14 09:00:00.000,0.00000772,0.00000772,0.00000665,0.00000714,58604928.00000000,2019-06-15 08:59:59.999,419.50889198,16550,25188336.00000000,179.90164607,0
23,2019-06-15 09:00:00.000,0.00000714,0.00000781,0.00000669,0.00000703,61711317.00000000,2019-06-16 08:59:59.999,445.89509874,17639,29223303.00000000,211.20770984,0
24,2019-06-16 09:00:00.000,0.00000706,0.00000773,0.00000684,0.00000718,69168914.00000000,2019-06-17 08:59:59.999,496.13757204,21402,33124437.00000000,237.79878305,0
25,2019-06-17 09:00:00.000,0.00000720,0.00000721,0.00000657,0.00000667,25686533.00000000,2019-06-18 08:59:59.999,174.73298005,14507,10439330.00000000,70.81890554,0
26,2019-06-18 09:00:00.000,0.00000665,0.00000665,0.00000620,0.00000639,23228927.00000000,2019-06-19 08:59:59.999,147.47607213,6972,10044810.00000000,63.87022410,0
27,2019-06-19 09:00:00.000,0.00000636,0.00000641,0.00000583,0.00000588,28882527.00000000,2019-06-20 08:59:59.999,174.69553751,7409,12527530.00000000,75.62373477,0
28,2019-06-20 09:00:00.000,0.00000588,0.00000599,0.00000485,0.00000501,92587263.00000000,2019-06-21 08:59:59.999,500.18980890,16726,36734584.00000000,198.03662370,0
29,2019-06-21 09:00:00.000,0.00000501,0.00000507,0.00000446,0.00000456,51559828.00000000,2019-06-22 08:59:59.999,248.12136661,11239,21120692.00000000,101.84643669,0
30,2019-06-22 09:00:00.000,0.00000457,0.00000489,0.00000401,0.00000433,66628268.00000000,2019-06-23 08:59:59.999,289.45847190,15868,30286282.00000000,131.93972359,0
31,2019-06-23 09:00:00.000,0.00000433,0.00000457,0.00000397,0.00000419,33096436.00000000,2019-06-24 08:59:59.999,142.98297729,8505,13207835.00000000,57.13200726,0
32,2019-06-24 09:00:00.000,0.00000419,0.00000442,0.00000408,0.00000425,22698799.00000000,2019-06-25 08:59:59.999,95.66403573,6602,11218834.00000000,47.29459662,0
33,2019-06-25 09:00:00.000,0.00000425,0.00000431,0.00000387,0.00000388,17688686.00000000,2019-06-26 08:59:59.999,72.59550612,7146,7666369.00000000,31.50006811,0
34,2019-06-26 09:00:00.000,0.00000388,0.00000405,0.00000302,0.00000321,35087603.00000000,2019-06-27 08:59:59.999,121.12159735,9970,15541468.00000000,53.33617461,0
35,2019-06-27 09:00:00.000,0.00000320,0.00000364,0.00000310,0.00000339,23677902.00000000,2019-06-28 08:59:59.999,80.51500343,5801,10981721.00000000,37.47921478,0
36,2019-06-28 09:00:00.000,0.00000339,0.00000354,0.00000313,0.00000317,13729351.00000000,2019-06-29 08:59:59.999,45.85156336,3648,5442136.00000000,18.19679223,0
37,2019-06-29 09:00:00.000,0.00000316,0.00000366,0.00000316,0.00000359,19007437.00000000,2019-06-30 08:59:59.999,65.64534272,4261,9518215.00000000,32.91209650,0
38,2019-06-30 09:00:00.000,0.00000358,0.00000376,0.00000351,0.00000376,16746902.00000000,2019-07-01 08:59:59.999,60.73606058,4015,7451651.00000000,27.04574893,0
39,2019-07-01 09:00:00.000,0.00000373,0.00000387,0.00000364,0.00000375,21258139.00000000,2019-07-02 08:59:59.999,79.52954996,4209,9862311.00000000,36.92606790,0
40,2019-07-02 09:00:00.000,0.00000376,0.00000402,0.00000350,0.00000361,23448193.00000000,2019-07-03 08:59:59.999,88.86363597,5505,10180261.00000000,38.66127292,0
41,2019-07-03 09:00:00.000,0.00000361,0.00000389,0.00000343,0.00000351,23700030.00000000,2019-07-04 08:59:59.999,86.52670035,6224,11739368.00000000,42.88742806,0
42,2019-07-04 09:00:00.000,0.00000349,0.00000380,0.00000340,0.00000364,26909976.00000000,2019-07-05 08:59:59.999,96.17140123,6832,12619358.00000000,45.11242102,0
43,2019-07-05 09:00:00.000,0.00000364,0.00000371,0.00000345,0.00000356,15595296.00000000,2019-07-06 08:59:59.999,55.68200215,4540,6595059.00000000,23.61504674,0
44,2019-07-06 09:00:00.000,0.00000354,0.00000355,0.00000335,0.00000342,11926244.00000000,2019-07-07 08:59:59.999,41.00572476,3089,5212271.00000000,17.96424501,0
45,2019-07-07 09:00:00.000,0.00000342,0.00000361,0.00000338,0.00000352,12474600.00000000,2019-07-08 08:59:59.999,43.37183364,3347,6915216.00000000,24.10555780,0
46,2019-07-08 09:00:00.000,0.00000351,0.00000367,0.00000303,0.00000309,16198886.00000000,2019-07-09 08:59:59.999,54.78111362,4923,7465741.00000000,25.36043296,0
47,2019-07-09 09:00:00.000,0.00000309,0.00000326,0.00000283,0.00000305,13950088.00000000,2019-07-10 08:59:59.999,41.60268937,4885,6227389.00000000,18.64270150,0
48,2019-07-10 09:00:00.000,0.00000303,0.00000307,0.00000279,0.00000296,9651474.00000000,2019-07-11 08:59:59.999,28.11701824,4330,4586062.00000000,13.41466544,0
49,2019-07-11 09:00:00.000,0.00000296,0.00000314,0.00000282,0.00000303,11095246.00000000,2019-07-12 08:59:59.999,32.95241045,5106,5573079.00000000,16.53920359,0
50,2019-07-12 09:00:00.000,0.00000303,0.00000311,0.00000292,0.00000297,8411329.00000000,2019-07-13 08:59:59.999,25.32667971,3468,4390750.00000000,13.22023958,0
51,2019-07-13 09:00:00.000,0.00000297,0.00000321,0.00000294,0.00000310,12927968.00000000,2019-07-14 08:59:59.999,39.62278576,3421,6006918.00000000,18.47491888,0
52,2019-07-14 09:00:00.000,0.00000310,0.00000322,0.00000285,0.00000287,11350187.00000000,2019-07-15 08:59:59.999,33.96813406,3287,4443192.00000000,13.31850016,0
53,2019-07-15 09:00:00.000,0.00000287,0.00000289,0.00000262,0.00000267,16509470.00000000,2019-07-16 08:59:59.999,45.22238495,4174,7165526.00000000,19.66607248,0
54,2019-07-16 09:00:00.000,0.00000266,0.00000277,0.00000257,0.00000265,9055588.00000000,2019-07-17 08:59:59.999,24.04469598,2679,3989437.00000000,10.62981424,0
55,2019-07-17 09:00:00.000,0.00000264,0.00000278,0.00000261,0.00000268,7410630.00000000,2019-07-18 08:59:59.999,19.87745469,2170,3944999.00000000,10.60130208,0
56,2019-07-18 09:00:00.000,0.00000270,0.00000278,0.00000249,0.00000251,16625553.00000000,2019-07-19 08:59:59.999,43.25622838,3294,7522300.00000000,19.52386402,0
57,2019-07-19 09:00:00.000,0.00000252,0.00000259,0.00000245,0.00000251,7540559.00000000,2019-07-20 08:59:59.999,18.89391096,2033,3626848.00000000,9.10776605,0
58,2019-07-20 09:00:00.000,0.00000252,0.00000266,0.00000246,0.00000255,8567762.00000000,2019-07-21 08:59:59.999,21.92723965,1720,4439321.00000000,11.38343894,0
59,2019-07-21 09:00:00.000,0.00000257,0.00000264,0.00000252,0.00000255,5824828.00000000,2019-07-22 08:59:59.999,14.90340644,1114,2925431.00000000,7.50717469,0
60,2019-07-22 09:00:00.000,0.00000255,0.00000262,0.00000248,0.00000258,16095371.00000000,2019-07-23 08:59:59.999,41.32900185,2644,7088073.00000000,18.24531035,0
61,2019-07-23 09:00:00.000,0.00000256,0.00000269,0.00000252,0.00000255,28017680.00000000,2019-07-24 08:59:59.999,73.09709745,3813,12394365.00000000,32.44983604,0
62,2019-07-24 09:00:00.000,0.00000256,0.00000273,0.00000251,0.00000265,16213251.00000000,2019-07-25 08:59:59.999,42.12907129,2436,7278791.00000000,19.00571070,0
63,2019-07-25 09:00:00.000,0.00000265,0.00000288,0.00000255,0.00000282,42787721.00000000,2019-07-26 08:59:59.999,116.79033134,6638,20314265.00000000,55.51698440,0
64,2019-07-26 09:00:00.000,0.00000283,0.00000295,0.00000264,0.00000275,41845874.00000000,2019-07-27 08:59:59.999,116.28250598,6799,18130686.00000000,50.59248244,0
65,2019-07-27 09:00:00.000,0.00000274,0.00000279,0.00000258,0.00000273,20489315.00000000,2019-07-28 08:59:59.999,55.37428239,3809,8828639.00000000,23.88966678,0
66,2019-07-28 09:00:00.000,0.00000274,0.00000280,0.00000259,0.00000264,23256137.00000000,2019-07-29 08:59:59.999,62.77260358,4554,9090497.00000000,24.63726720,0
67,2019-07-29 09:00:00.000,0.00000264,0.00000271,0.00000260,0.00000267,13161911.00000000,2019-07-30 08:59:59.999,35.03072426,2398,6174881.00000000,16.47695020,0
68,2019-07-30 09:00:00.000,0.00000268,0.00000273,0.00000259,0.00000262,15238322.00000000,2019-07-31 08:59:59.999,40.40061123,2806,6086207.00000000,16.20773067,0
69,2019-07-31 09:00:00.000,0.00000262,0.00000264,0.00000245,0.00000247,13502172.00000000,2019-08-01 08:59:59.999,34.30648073,2492,5104750.00000000,13.02114397,0
70,2019-08-01 09:00:00.000,0.00000246,0.00000249,0.00000213,0.00000218,14951747.00000000,2019-08-02 08:59:59.999,34.56139115,3245,5610433.00000000,12.94122444,0
71,2019-08-02 09:00:00.000,0.00000218,0.00000225,0.00000212,0.00000218,10731010.00000000,2019-08-03 08:59:59.999,23.32071461,1846,5100357.00000000,11.09448829,0
72,2019-08-03 09:00:00.000,0.00000218,0.00000218,0.00000203,0.00000205,8867967.00000000,2019-08-04 08:59:59.999,18.48687894,1510,3686308.00000000,7.68360755,0
73,2019-08-04 09:00:00.000,0.00000205,0.00000210,0.00000190,0.00000193,13258666.00000000,2019-08-05 08:59:59.999,26.30763783,1906,5689057.00000000,11.28051657,0
74,2019-08-05 09:00:00.000,0.00000192,0.00000193,0.00000167,0.00000171,18271122.00000000,2019-08-06 08:59:59.999,32.16429015,3088,6694157.00000000,11.81750083,0
75,2019-08-06 09:00:00.000,0.00000172,0.00000218,0.00000166,0.00000190,68053600.00000000,2019-08-07 08:59:59.999,133.26357960,9489,30774802.00000000,60.84944559,0
76,2019-08-07 09:00:00.000,0.00000190,0.00000195,0.00000168,0.00000171,22438778.00000000,2019-08-08 08:59:59.999,40.55871352,4469,8612319.00000000,15.63494218,0
77,2019-08-08 09:00:00.000,0.00000170,0.00000185,0.00000168,0.00000172,17975439.00000000,2019-08-09 08:59:59.999,31.27100667,3095,7421712.00000000,12.95953400,0
78,2019-08-09 09:00:00.000,0.00000172,0.00000178,0.00000151,0.00000158,11570823.00000000,2019-08-10 08:59:59.999,18.79844427,2432,4920293.00000000,8.00976237,0
79,2019-08-10 09:00:00.000,0.00000158,0.00000172,0.00000157,0.00000169,4588445.00000000,2019-08-11 08:59:59.999,7.61076212,1259,2221623.00000000,3.67809425,0
80,2019-08-11 09:00:00.000,0.00000169,0.00000179,0.00000166,0.00000173,8381275.00000000,2019-08-12 08:59:59.999,14.46431008,1876,3932565.00000000,6.78622370,0
81,2019-08-12 09:00:00.000,0.00000173,0.00000197,0.00000173,0.00000182,15771094.00000000,2019-08-13 08:59:59.999,29.43647865,3003,6912117.00000000,12.86231222,0
82,2019-08-13 09:00:00.000,0.00000182,0.00000191,0.00000177,0.00000190,4771784.00000000,2019-08-14 08:59:59.999,8.79400938,1478,2422058.00000000,4.47857631,0
83,2019-08-14 09:00:00.000,0.00000190,0.00000192,0.00000171,0.00000176,7406033.00000000,2019-08-15 08:59:59.999,13.61801850,1971,3334405.00000000,6.15605799,0
84,2019-08-15 09:00:00.000,0.00000176,0.00000195,0.00000173,0.00000191,13956493.00000000,2019-08-16 08:59:59.999,25.77109396,3196,8544464.00000000,15.79012373,0
85,2019-08-16 09:00:00.000,0.00000190,0.00000202,0.00000177,0.00000180,10484263.00000000,2019-08-17 08:59:59.999,19.88558718,3096,5344904.00000000,10.17242785,0
86,2019-08-17 09:00:00.000,0.00000178,0.00000194,0.00000178,0.00000184,4395262.00000000,2019-08-18 08:59:59.999,8.20331640,1450,1962364.00000000,3.66147670,0
87,2019-08-18 09:00:00.000,0.00000184,0.00000199,0.00000183,0.00000192,5837668.00000000,2019-08-19 08:59:59.999,11.02746157,1252,3690997.00000000,6.97838357,0
88,2019-08-19 09:00:00.000,0.00000192,0.00000192,0.00000174,0.00000180,10010963.00000000,2019-08-20 08:59:59.999,18.19308335,1812,4147720.00000000,7.56017697,0
89,2019-08-20 09:00:00.000,0.00000180,0.00000189,0.00000176,0.00000178,4986552.00000000,2019-08-21 08:59:59.999,9.00408574,1502,2483542.00000000,4.51027771,0
90,2019-08-21 09:00:00.000,0.00000178,0.00000192,0.00000177,0.00000185,7494717.00000000,2019-08-22 08:59:59.999,13.98266654,2430,3827254.00000000,7.14691531,0
91,2019-08-22 09:00:00.000,0.00000185,0.00000201,0.00000182,0.00000196,10195983.00000000,2019-08-23 08:59:59.999,19.54504590,2397,5447149.00000000,10.47353253,0
92,2019-08-23 09:00:00.000,0.00000196,0.00000222,0.00000195,0.00000204,29906375.00000000,2019-08-24 08:59:59.999,62.64703768,5198,14003555.00000000,29.47805099,0
93,2019-08-24 09:00:00.000,0.00000205,0.00000279,0.00000204,0.00000258,70024350.00000000,2019-08-25 08:59:59.999,172.25899686,14225,34247865.00000000,83.96696529,0
94,2019-08-25 09:00:00.000,0.00000258,0.00000268,0.00000214,0.00000223,30559325.00000000,2019-08-26 08:59:59.999,71.28883275,6883,10851876.00000000,25.57388556,0
95,2019-08-26 09:00:00.000,0.00000224,0.00000225,0.00000206,0.00000211,15381980.00000000,2019-08-27 08:59:59.999,33.00432461,3756,5377827.00000000,11.59136051,0
96,2019-08-27 09:00:00.000,0.00000211,0.00000223,0.00000206,0.00000212,11678509.00000000,2019-08-28 08:59:59.999,24.94460889,2616,3971656.00000000,8.52258715,0
97,2019-08-28 09:00:00.000,0.00000213,0.00000217,0.00000186,0.00000189,16905315.00000000,2019-08-29 08:59:59.999,33.84085700,2794,6733364.00000000,13.54833813,0
98,2019-08-29 09:00:00.000,0.00000189,0.00000196,0.00000184,0.00000189,5995383.00000000,2019-08-30 08:59:59.999,11.25935732,1200,2841887.00000000,5.34866416,0
99,2019-08-30 09:00:00.000,0.00000188,0.00000195,0.00000186,0.00000190,4097378.00000000,2019-08-31 08:59:59.999,7.81679542,982,1773308.00000000,3.39300690,0
100,2019-08-31 09:00:00.000,0.00000191,0.00000194,0.00000185,0.00000188,4703455.00000000,2019-09-01 08:59:59.999,8.97705606,979,2324069.00000000,4.45692629,0
101,2019-09-01 09:00:00.000,0.00000187,0.00000187,0.00000177,0.00000179,7139576.00000000,2019-09-02 08:59:59.999,13.00887212,1179,2801759.00000000,5.11289493,0
102,2019-09-02 09:00:00.000,0.00000179,0.00000180,0.00000163,0.00000165,4420516.00000000,2019-09-03 08:59:59.999,7.61757914,1129,2050036.00000000,3.54851823,0
103,2019-09-03 09:00:00.000,0.00000165,0.00000179,0.00000160,0.00000178,7158197.00000000,2019-09-04 08:59:59.999,12.10087166,1529,2976844.00000000,5.03153029,0
104,2019-09-04 09:00:00.000,0.00000177,0.00000198,0.00000162,0.00000167,26535039.00000000,2019-09-05 08:59:59.999,47.69790413,4520,9344633.00000000,16.83765792,0
105,2019-09-05 09:00:00.000,0.00000167,0.00000174,0.00000165,0.00000168,5223727.00000000,2019-09-06 08:59:59.999,8.91700940,1080,2050995.00000000,3.52440454,0
106,2019-09-06 09:00:00.000,0.00000169,0.00000170,0.00000149,0.00000161,8813611.00000000,2019-09-07 08:59:59.999,13.75753242,1544,3397427.00000000,5.30800758,0
107,2019-09-07 09:00:00.000,0.00000160,0.00000167,0.00000155,0.00000160,5305804.00000000,2019-09-08 08:59:59.999,8.48216667,1064,1937727.00000000,3.11572069,0
108,2019-09-08 09:00:00.000,0.00000160,0.00000168,0.00000157,0.00000165,4089146.00000000,2019-09-09 08:59:59.999,6.67580212,749,1921654.00000000,3.13939141,0
109,2019-09-09 09:00:00.000,0.00000165,0.00000167,0.00000158,0.00000163,4320748.00000000,2019-09-10 08:59:59.999,7.00212301,865,1562348.00000000,2.54467565,0
110,2019-09-10 09:00:00.000,0.00000164,0.00000181,0.00000162,0.00000172,12699196.00000000,2019-09-11 08:59:59.999,21.63066593,2115,5515443.00000000,9.41867873,0
111,2019-09-11 09:00:00.000,0.00000171,0.00000174,0.00000155,0.00000158,12877673.00000000,2019-09-12 08:59:59.999,21.23315782,1845,4906497.00000000,8.03165577,0
112,2019-09-12 09:00:00.000,0.00000157,0.00000160,0.00000150,0.00000151,6301397.00000000,2019-09-13 08:59:59.999,9.69294655,1564,2277417.00000000,3.51845909,0
113,2019-09-13 09:00:00.000,0.00000150,0.00000156,0.00000148,0.00000149,6149141.00000000,2019-09-14 08:59:59.999,9.29248832,975,1820993.00000000,2.76728327,0
114,2019-09-14 09:00:00.000,0.00000150,0.00000165,0.00000148,0.00000151,19793473.00000000,2019-09-15 08:59:59.999,30.49102554,2722,8425695.00000000,12.98820356,0
115,2019-09-15 09:00:00.000,0.00000150,0.00000156,0.00000149,0.00000153,13204989.00000000,2019-09-16 08:59:59.999,20.15179817,1468,4615373.00000000,7.08697188,0
116,2019-09-16 09:00:00.000,0.00000153,0.00000155,0.00000142,0.00000146,25240283.00000000,2019-09-17 08:59:59.999,37.58140336,2433,8448121.00000000,12.66200157,0
117,2019-09-17 09:00:00.000,0.00000146,0.00000153,0.00000144,0.00000151,21775296.00000000,2019-09-18 08:59:59.999,32.36938096,1724,10000759.00000000,14.90164557,0
118,2019-09-18 09:00:00.000,0.00000151,0.00000156,0.00000148,0.00000153,62399898.00000000,2019-09-19 08:59:59.999,94.70068349,3614,19420337.00000000,29.61034179,0
119,2019-09-19 09:00:00.000,0.00000153,0.00000154,0.00000144,0.00000147,37208539.00000000,2019-09-20 08:59:59.999,55.47665055,2427,15946413.00000000,23.85762277,0
120,2019-09-20 09:00:00.000,0.00000147,0.00000152,0.00000145,0.00000149,18351086.00000000,2019-09-21 08:59:59.999,27.41351905,1556,8851257.00000000,13.24333829,0
121,2019-09-21 09:00:00.000,0.00000149,0.00000153,0.00000147,0.00000149,16939601.00000000,2019-09-22 08:59:59.999,25.33799341,1398,7384603.00000000,11.08467604,0
122,2019-09-22 09:00:00.000,0.00000149,0.00000177,0.00000146,0.00000151,107116084.00000000,2019-09-23 08:59:59.999,170.15280817,8697,48521475.00000000,77.29228125,0
123,2019-09-23 09:00:00.000,0.00000151,0.00000170,0.00000151,0.00000161,68951177.00000000,2019-09-24 08:59:59.999,109.88329714,5774,32229963.00000000,51.46592357,0
124,2019-09-24 09:00:00.000,0.00000161,0.00000174,0.00000137,0.00000141,115844001.00000000,2019-09-25 08:59:59.999,186.32724697,9566,43823779.00000000,71.07790758,0
125,2019-09-25 09:00:00.000,0.00000141,0.00000150,0.00000137,0.00000144,36819603.00000000,2019-09-26 08:59:59.999,52.53273144,3892,16013806.00000000,22.97251303,0
126,2019-09-26 09:00:00.000,0.00000145,0.00000151,0.00000137,0.00000144,42790411.00000000,2019-09-27 08:59:59.999,61.66091170,3227,19080113.00000000,27.57477900,0
127,2019-09-27 09:00:00.000,0.00000144,0.00000165,0.00000141,0.00000163,62263225.00000000,2019-09-28 08:59:59.999,96.27023996,5130,35145579.00000000,54.11380642,0
128,2019-09-28 09:00:00.000,0.00000161,0.00000164,0.00000157,0.00000159,23031580.00000000,2019-09-29 08:59:59.999,36.77561704,2403,8573060.00000000,13.72759246,0
129,2019-09-29 09:00:00.000,0.00000159,0.00000163,0.00000152,0.00000154,14981241.00000000,2019-09-30 08:59:59.999,23.52554127,1507,5038076.00000000,7.94265355,0
130,2019-09-30 09:00:00.000,0.00000154,0.00000158,0.00000149,0.00000155,15209243.00000000,2019-10-01 08:59:59.999,23.41252291,1731,7438431.00000000,11.48157327,0
131,2019-10-01 09:00:00.000,0.00000155,0.00000158,0.00000150,0.00000151,13977956.00000000,2019-10-02 08:59:59.999,21.25500949,1624,4750378.00000000,7.24307089,0
132,2019-10-02 09:00:00.000,0.00000151,0.00000167,0.00000151,0.00000166,38402549.00000000,2019-10-03 08:59:59.999,61.07815298,4421,22695426.00000000,36.16950331,0
133,2019-10-03 09:00:00.000,0.00000166,0.00000169,0.00000160,0.00000163,39273804.00000000,2019-10-04 08:59:59.999,64.27155354,4517,16140617.00000000,26.52949057,0
134,2019-10-04 09:00:00.000,0.00000163,0.00000167,0.00000158,0.00000164,30014968.00000000,2019-10-05 08:59:59.999,48.97356105,4485,12616248.00000000,20.69556582,0
135,2019-10-05 09:00:00.000,0.00000164,0.00000176,0.00000163,0.00000164,59985496.00000000,2019-10-06 08:59:59.999,101.27520393,9822,29640736.00000000,50.20926926,0
136,2019-10-06 09:00:00.000,0.00000165,0.00000173,0.00000163,0.00000169,31712625.00000000,2019-10-07 08:59:59.999,53.02023877,2657,15384337.00000000,25.80853933,0
137,2019-10-07 09:00:00.000,0.00000169,0.00000172,0.00000163,0.00000166,21907009.00000000,2019-10-08 08:59:59.999,36.66478077,2172,8756062.00000000,14.66341708,0
138,2019-10-08 09:00:00.000,0.00000165,0.00000169,0.00000161,0.00000169,20576453.00000000,2019-10-09 08:59:59.999,33.97586481,2296,9620091.00000000,15.94790317,0
139,2019-10-09 09:00:00.000,0.00000168,0.00000176,0.00000152,0.00000158,44144037.00000000,2019-10-10 08:59:59.999,72.76968348,4606,19087677.00000000,31.53163241,0
140,2019-10-10 09:00:00.000,0.00000158,0.00000160,0.00000152,0.00000158,21636970.00000000,2019-10-11 08:59:59.999,33.90332199,2241,10326698.00000000,16.22457170,0
141,2019-10-11 09:00:00.000,0.00000157,0.00000169,0.00000148,0.00000165,47822604.00000000,2019-10-12 08:59:59.999,77.19282092,4300,20926147.00000000,34.08450973,0
142,2019-10-12 09:00:00.000,0.00000164,0.00000166,0.00000160,0.00000163,13590012.00000000,2019-10-13 08:59:59.999,22.10052460,1341,5518453.00000000,8.97846948,0
143,2019-10-13 09:00:00.000,0.00000163,0.00000163,0.00000153,0.00000159,16458373.00000000,2019-10-14 08:59:59.999,26.02297141,1845,4651585.00000000,7.36716764,0
144,2019-10-14 09:00:00.000,0.00000158,0.00000161,0.00000155,0.00000158,9522940.00000000,2019-10-15 08:59:59.999,15.01780074,1099,3874731.00000000,6.13344020,0
145,2019-10-15 09:00:00.000,0.00000159,0.00000164,0.00000155,0.00000160,24880242.00000000,2019-10-16 08:59:59.999,39.55436101,2797,11369498.00000000,18.14038584,0
146,2019-10-16 09:00:00.000,0.00000159,0.00000161,0.00000139,0.00000154,36307626.00000000,2019-10-17 08:59:59.999,54.94310945,4172,15706562.00000000,23.73259081,0
147,2019-10-17 09:00:00.000,0.00000155,0.00000161,0.00000153,0.00000156,21048740.00000000,2019-10-18 08:59:59.999,33.19453224,1904,8682258.00000000,13.73875336,0
148,2019-10-18 09:00:00.000,0.00000156,0.00000157,0.00000151,0.00000156,14159078.00000000,2019-10-19 08:59:59.999,21.81188081,1514,5700602.00000000,8.80572777,0
149,2019-10-19 09:00:00.000,0.00000155,0.00000157,0.00000153,0.00000156,8499138.00000000,2019-10-20 08:59:59.999,13.14417394,1088,3581159.00000000,5.55601345,0
150,2019-10-20 09:00:00.000,0.00000156,0.00000156,0.00000148,0.00000150,12008673.00000000,2019-10-21 08:59:59.999,18.13231082,1226,3761129.00000000,5.69665397,0
151,2019-10-21 09:00:00.000,0.00000149,0.00000159,0.00000148,0.00000157,11476593.00000000,2019-10-22 08:59:59.999,17.69896204,1707,5265054.00000000,8.12987774,0
152,2019-10-22 09:00:00.000,0.00000157,0.00000158,0.00000151,0.00000153,11653742.00000000,2019-10-23 08:59:59.999,17.95363481,1425,3280089.00000000,5.06518261,0
153,2019-10-23 09:00:00.000,0.00000154,0.00000160,0.00000150,0.00000156,25265097.00000000,2019-10-24 08:59:59.999,39.18271703,3302,10992260.00000000,17.10623270,0
154,2019-10-24 09:00:00.000,0.00000156,0.00000164,0.00000155,0.00000162,21398116.00000000,2019-10-25 08:59:59.999,34.21220170,2356,10120006.00000000,16.21189576,0
155,2019-10-25 09:00:00.000,0.00000161,0.00000164,0.00000143,0.00000148,33673845.00000000,2019-10-26 08:59:59.999,51.37408114,4234,11540405.00000000,17.62965419,0
156,2019-10-26 09:00:00.000,0.00000148,0.00000149,0.00000120,0.00000135,22564747.00000000,2019-10-27 08:59:59.999,30.50827251,3749,9419426.00000000,12.75061219,0
157,2019-10-27 09:00:00.000,0.00000134,0.00000139,0.00000124,0.00000136,32381278.00000000,2019-10-28 08:59:59.999,42.68658236,3573,13229208.00000000,17.52068622,0
158,2019-10-28 09:00:00.000,0.00000136,0.00000143,0.00000135,0.00000141,24412421.00000000,2019-10-29 08:59:59.999,34.17117575,2810,11656138.00000000,16.38177741,0
159,2019-10-29 09:00:00.000,0.00000141,0.00000152,0.00000137,0.00000141,43377585.00000000,2019-10-30 08:59:59.999,62.66536226,3728,18396103.00000000,26.66105273,0
160,2019-10-30 09:00:00.000,0.00000141,0.00000154,0.00000141,0.00000150,40370165.00000000,2019-10-31 08:59:59.999,59.53460109,4461,18060669.00000000,26.65103605,0
161,2019-10-31 09:00:00.000,0.00000150,0.00000151,0.00000141,0.00000144,32958424.00000000,2019-11-01 08:59:59.999,47.61870683,3325,13886991.00000000,20.08817901,0
162,2019-11-01 09:00:00.000,0.00000145,0.00000146,0.00000140,0.00000143,15460509.00000000,2019-11-02 08:59:59.999,22.00822286,1864,5868810.00000000,8.39422448,0
163,2019-11-02 09:00:00.000,0.00000143,0.00000145,0.00000133,0.00000139,32626107.00000000,2019-11-03 08:59:59.999,45.12843184,3286,15211996.00000000,21.06106648,0
164,2019-11-03 09:00:00.000,0.00000138,0.00000143,0.00000137,0.00000139,11741501.00000000,2019-11-04 08:59:59.999,16.45050480,1118,6277803.00000000,8.80961352,0
165,2019-11-04 09:00:00.000,0.00000140,0.00000143,0.00000135,0.00000139,21725871.00000000,2019-11-05 08:59:59.999,30.25372871,2195,9168793.00000000,12.77618394,0
166,2019-11-05 09:00:00.000,0.00000139,0.00000142,0.00000137,0.00000140,11302927.00000000,2019-11-06 08:59:59.999,15.80093716,1051,4301237.00000000,6.03308735,0
167,2019-11-06 09:00:00.000,0.00000140,0.00000142,0.00000138,0.00000140,11852721.00000000,2019-11-07 08:59:59.999,16.54279088,1331,5371565.00000000,7.51830132,0
168,2019-11-07 09:00:00.000,0.00000141,0.00000144,0.00000138,0.00000142,12326511.00000000,2019-11-08 08:59:59.999,17.31216625,1230,3938698.00000000,5.55372452,0
169,2019-11-08 09:00:00.000,0.00000142,0.00000143,0.00000136,0.00000139,13960056.00000000,2019-11-09 08:59:59.999,19.46757914,1373,5861552.00000000,8.19833248,0
170,2019-11-09 09:00:00.000,0.00000140,0.00000142,0.00000138,0.00000140,6818357.00000000,2019-11-10 08:59:59.999,9.51560194,612,2865755.00000000,4.01235265,0
171,2019-11-10 09:00:00.000,0.00000139,0.00000142,0.00000136,0.00000138,5731833.00000000,2019-11-11 08:59:59.999,7.97115846,903,2525836.00000000,3.52248157,0
172,2019-11-11 09:00:00.000,0.00000139,0.00000141,0.00000134,0.00000139,13735030.00000000,2019-11-12 08:59:59.999,18.89438507,1324,6173635.00000000,8.51662866,0
173,2019-11-12 09:00:00.000,0.00000139,0.00000141,0.00000137,0.00000138,7430131.00000000,2019-11-13 08:59:59.999,10.29668092,745,2734262.00000000,3.79634984,0
174,2019-11-13 09:00:00.000,0.00000138,0.00000139,0.00000137,0.00000137,7683842.00000000,2019-11-14 08:59:59.999,10.60532991,1076,2735853.00000000,3.79221265,0
175,2019-11-14 09:00:00.000,0.00000137,0.00000138,0.00000133,0.00000135,13573088.00000000,2019-11-15 08:59:59.999,18.40800076,1703,4095573.00000000,5.57771744,0
176,2019-11-15 09:00:00.000,0.00000135,0.00000138,0.00000135,0.00000137,16469102.00000000,2019-11-16 08:59:59.999,22.49506315,1079,10107215.00000000,13.83679408,0
177,2019-11-16 09:00:00.000,0.00000137,0.00000148,0.00000137,0.00000144,44866257.00000000,2019-11-17 08:59:59.999,64.30687085,3528,28367956.00000000,40.87082791,0
178,2019-11-17 09:00:00.000,0.00000145,0.00000145,0.00000138,0.00000141,40682275.00000000,2019-11-18 08:59:59.999,57.61537349,2956,17407469.00000000,24.72173023,0
179,2019-11-18 09:00:00.000,0.00000141,0.00000142,0.00000129,0.00000136,31200079.00000000,2019-11-19 08:59:59.999,42.68522997,2823,12246492.00000000,16.76543422,0
180,2019-11-19 09:00:00.000,0.00000136,0.00000138,0.00000133,0.00000137,13312086.00000000,2019-11-20 08:59:59.999,18.03859841,970,4830972.00000000,6.57342187,0
181,2019-11-20 09:00:00.000,0.00000137,0.00000139,0.00000134,0.00000135,8053670.00000000,2019-11-21 08:59:59.999,10.97953517,740,3214667.00000000,4.39413732,0
182,2019-11-21 09:00:00.000,0.00000135,0.00000135,0.00000128,0.00000132,14511004.00000000,2019-11-22 08:59:59.999,19.13320882,1190,6402018.00000000,8.43096093,0
183,2019-11-22 09:00:00.000,0.00000132,0.00000134,0.00000123,0.00000127,17289099.00000000,2019-11-23 08:59:59.999,22.10807279,1973,7397205.00000000,9.45956330,0
184,2019-11-23 09:00:00.000,0.00000127,0.00000130,0.00000124,0.00000127,8440443.00000000,2019-11-24 08:59:59.999,10.75477249,853,3919637.00000000,5.00173468,0
185,2019-11-24 09:00:00.000,0.00000128,0.00000133,0.00000124,0.00000124,12093891.00000000,2019-11-25 08:59:59.999,15.50953731,1654,6370205.00000000,8.21410756,0
186,2019-11-25 09:00:00.000,0.00000123,0.00000142,0.00000121,0.00000135,47676364.00000000,2019-11-26 08:59:59.999,63.65744440,4797,24867431.00000000,33.33021430,0
187,2019-11-26 09:00:00.000,0.00000135,0.00000143,0.00000132,0.00000134,32236706.00000000,2019-11-27 08:59:59.999,44.00866128,2875,11155818.00000000,15.31154366,0
188,2019-11-27 09:00:00.000,0.00000135,0.00000136,0.00000126,0.00000128,25108931.00000000,2019-11-28 08:59:59.999,33.04923165,1872,10630968.00000000,14.06660128,0
189,2019-11-28 09:00:00.000,0.00000128,0.00000131,0.00000126,0.00000128,44287739.00000000,2019-11-29 08:59:59.999,56.88432446,2907,18572218.00000000,23.92768529,0
190,2019-11-29 09:00:00.000,0.00000129,0.00000129,0.00000124,0.00000127,28055908.00000000,2019-11-30 08:59:59.999,35.70119190,1648,8858171.00000000,11.29868272,0
191,2019-11-30 09:00:00.000,0.00000126,0.00000128,0.00000123,0.00000125,26653560.00000000,2019-12-01 08:59:59.999,33.35605843,1937,14973869.00000000,18.80700363,0
192,2019-12-01 09:00:00.000,0.00000125,0.00000125,0.00000121,0.00000123,17682816.00000000,2019-12-02 08:59:59.999,21.81351030,1771,6413797.00000000,7.93754914,0
193,2019-12-02 09:00:00.000,0.00000123,0.00000126,0.00000123,0.00000124,17685756.00000000,2019-12-03 08:59:59.999,21.93073115,1666,9628761.00000000,11.97462772,0
194,2019-12-03 09:00:00.000,0.00000124,0.00000128,0.00000123,0.00000126,26785261.00000000,2019-12-04 08:59:59.999,33.34302429,1680,13815708.00000000,17.24572229,0
195,2019-12-04 09:00:00.000,0.00000126,0.00000127,0.00000122,0.00000123,18130714.00000000,2019-12-05 08:59:59.999,22.43838684,1338,6821325.00000000,8.47216137,0
196,2019-12-05 09:00:00.000,0.00000123,0.00000124,0.00000116,0.00000119,26710276.00000000,2019-12-06 08:59:59.999,31.98633004,2150,8653587.00000000,10.38673831,0
197,2019-12-06 09:00:00.000,0.00000119,0.00000125,0.00000117,0.00000121,24055532.00000000,2019-12-07 08:59:59.999,29.45467045,2115,13184619.00000000,16.20993196,0
198,2019-12-07 09:00:00.000,0.00000121,0.00000135,0.00000120,0.00000127,46061805.00000000,2019-12-08 08:59:59.999,59.44702321,4496,24802971.00000000,32.09513290,0
199,2019-12-08 09:00:00.000,0.00000126,0.00000137,0.00000126,0.00000134,29851141.00000000,2019-12-09 08:59:59.999,39.07369106,2521,16443743.00000000,21.62104097,0
200,2019-12-09 09:00:00.000,0.00000136,0.00000137,0.00000128,0.00000133,37960937.00000000,2019-12-10 08:59:59.999,50.31579520,2939,21365987.00000000,28.42936546,0
201,2019-12-10 09:00:00.000,0.00000133,0.00000134,0.00000112,0.00000128,42913091.00000000,2019-12-11 08:59:59.999,52.61988180,3357,19438385.00000000,23.85855356,0
202,2019-12-11 09:00:00.000,0.00000128,0.00000146,0.00000126,0.00000138,134575300.00000000,2019-12-12 08:59:59.999,186.12175961,8026,73265193.00000000,101.80167950,0
203,2019-12-12 09:00:00.000,0.00000137,0.00000138,0.00000126,0.00000128,55008967.00000000,2019-12-13 08:59:59.999,71.57918725,3132,23528768.00000000,30.70565950,0
204,2019-12-13 09:00:00.000,0.00000127,0.00000138,0.00000127,0.00000130,64659430.00000000,2019-12-14 08:59:59.999,85.22926730,4529,39688461.00000000,52.49107958,0
205,2019-12-14 09:00:00.000,0.00000129,0.00000131,0.00000122,0.00000129,60147516.00000000,2019-12-15 08:59:59.999,76.55079265,2222,40689665.00000000,52.02126400,0
206,2019-12-15 09:00:00.000,0.00000129,0.00000136,0.00000126,0.00000136,92109345.00000000,2019-12-16 08:59:59.999,122.09962801,4684,63040581.00000000,83.62128275,0
207,2019-12-16 09:00:00.000,0.00000134,0.00000135,0.00000127,0.00000129,23875310.00000000,2019-12-17 08:59:59.999,31.27499053,1994,9530699.00000000,12.52270480,0
208,2019-12-17 09:00:00.000,0.00000129,0.00000129,0.00000116,0.00000117,27846827.00000000,2019-12-18 08:59:59.999,33.87520845,2178,7478036.00000000,9.14432376,0
209,2019-12-18 09:00:00.000,0.00000117,0.00000128,0.00000116,0.00000120,35792238.00000000,2019-12-19 08:59:59.999,44.30740687,3054,19317620.00000000,24.03390309,0
210,2019-12-19 09:00:00.000,0.00000119,0.00000127,0.00000119,0.00000125,16057642.00000000,2019-12-20 08:59:59.999,19.78582959,9764,9484739.00000000,11.74652413,0
211,2019-12-20 09:00:00.000,0.00000126,0.00000126,0.00000119,0.00000121,25479802.00000000,2019-12-21 08:59:59.999,30.90020098,3084,12894897.00000000,15.67660277,0
212,2019-12-21 09:00:00.000,0.00000121,0.00000122,0.00000118,0.00000121,13202351.00000000,2019-12-22 08:59:59.999,15.80838626,910,7037534.00000000,8.45170615,0
213,2019-12-22 09:00:00.000,0.00000122,0.00000128,0.00000118,0.00000121,32056461.00000000,2019-12-23 08:59:59.999,39.15153436,3374,17683369.00000000,21.68342609,0
214,2019-12-23 09:00:00.000,0.00000121,0.00000121,0.00000109,0.00000114,24784367.00000000,2019-12-24 08:59:59.999,28.45743275,2380,10175287.00000000,11.68228524,0
215,2019-12-24 09:00:00.000,0.00000114,0.00000119,0.00000114,0.00000118,34784897.00000000,2019-12-25 08:59:59.999,40.49670347,1449,29037600.00000000,33.81056581,0
216,2019-12-25 09:00:00.000,0.00000117,0.00000118,0.00000114,0.00000115,10688056.00000000,2019-12-26 08:59:59.999,12.35736399,783,5714749.00000000,6.62579329,0
217,2019-12-26 09:00:00.000,0.00000115,0.00000116,0.00000107,0.00000110,85503396.00000000,2019-12-27 08:59:59.999,93.78053106,3934,35108690.00000000,38.60563654,0
218,2019-12-27 09:00:00.000,0.00000110,0.00000110,0.00000106,0.00000108,25773028.00000000,2019-12-28 08:59:59.999,27.91946370,1295,11079596.00000000,12.01204021,0
219,2019-12-28 09:00:00.000,0.00000108,0.00000108,0.00000105,0.00000106,19760052.00000000,2019-12-29 08:59:59.999,21.03263721,1141,9057657.00000000,9.67601252,0
220,2019-12-29 09:00:00.000,0.00000106,0.00000107,0.00000097,0.00000100,41339565.00000000,2019-12-30 08:59:59.999,42.32296258,1801,16205614.00000000,16.68472079,0
221,2019-12-30 09:00:00.000,0.00000100,0.00000104,0.00000099,0.00000102,19576458.00000000,2019-12-31 08:59:59.999,19.89267034,1191,11684798.00000000,11.91862451,0
222,2019-12-31 09:00:00.000,0.00000102,0.00000102,0.00000097,0.00000098,15798755.00000000,2020-01-01 08:59:59.999,15.67328572,822,6538684.00000000,6.50454893,0
223,2020-01-01 09:00:00.000,0.00000099,0.00000107,0.00000098,0.00000106,30572610.00000000,2020-01-02 08:59:59.999,31.66317213,1872,18058573.00000000,18.75686141,0
224,2020-01-02 09:00:00.000,0.00000105,0.00000106,0.00000093,0.00000101,33293192.00000000,2020-01-03 08:59:59.999,33.57136671,1561,14652653.00000000,14.78025192,0
225,2020-01-03 09:00:00.000,0.00000101,0.00000102,0.00000097,0.00000102,18812742.00000000,2020-01-04 08:59:59.999,18.74389227,990,8626789.00000000,8.62557193,0
226,2020-01-04 09:00:00.000,0.00000101,0.00000102,0.00000095,0.00000099,13590257.00000000,2020-01-05 08:59:59.999,13.44903966,1095,4093214.00000000,4.08934773,0
227,2020-01-05 09:00:00.000,0.00000098,0.00000101,0.00000097,0.00000099,14960048.00000000,2020-01-06 08:59:59.999,14.75779529,872,8006059.00000000,7.93034230,0
228,2020-01-06 09:00:00.000,0.00000100,0.00000101,0.00000093,0.00000095,20230465.00000000,2020-01-07 08:59:59.999,19.66781199,1029,6354651.00000000,6.22229126,0
229,2020-01-07 09:00:00.000,0.00000095,0.00000096,0.00000085,0.00000086,50317922.00000000,2020-01-08 08:59:59.999,46.39500798,2252,32506598.00000000,30.19683010,0
230,2020-01-08 09:00:00.000,0.00000086,0.00000087,0.00000081,0.00000085,26872874.00000000,2020-01-09 08:59:59.999,22.59060086,1555,12903250.00000000,10.87624856,0
231,2020-01-09 09:00:00.000,0.00000085,0.00000086,0.00000083,0.00000084,13870693.00000000,2020-01-10 08:59:59.999,11.75869898,604,4769624.00000000,4.06382824,0
232,2020-01-10 09:00:00.000,0.00000084,0.00000087,0.00000077,0.00000080,19630416.00000000,2020-01-11 08:59:59.999,16.35291646,1206,7310912.00000000,6.11991988,0
233,2020-01-11 09:00:00.000,0.00000080,0.00000087,0.00000080,0.00000083,39417641.00000000,2020-01-12 08:59:59.999,33.07635905,1574,24905453.00000000,20.95802447,0
234,2020-01-12 09:00:00.000,0.00000083,0.00000084,0.00000081,0.00000083,9674299.00000000,2020-01-13 08:59:59.999,7.97216008,592,3524826.00000000,2.91705365,0
235,2020-01-13 09:00:00.000,0.00000082,0.00000084,0.00000080,0.00000083,14225431.00000000,2020-01-14 08:59:59.999,11.77939357,580,8965737.00000000,7.46442385,0
236,2020-01-14 09:00:00.000,0.00000083,0.00000083,0.00000076,0.00000077,26120199.00000000,2020-01-15 08:59:59.999,20.59686801,1835,10664682.00000000,8.44474179,0
237,2020-01-15 09:00:00.000,0.00000077,0.00000084,0.00000077,0.00000080,16862095.00000000,2020-01-16 08:59:59.999,13.65865694,1217,9288692.00000000,7.56019127,0
238,2020-01-16 09:00:00.000,0.00000081,0.00000083,0.00000078,0.00000082,16861669.00000000,2020-01-17 08:59:59.999,13.63234224,1053,9022780.00000000,7.32369991,0
239,2020-01-17 09:00:00.000,0.00000082,0.00000083,0.00000078,0.00000082,14231172.00000000,2020-01-18 08:59:59.999,11.43778313,940,6384026.00000000,5.15286814,0
240,2020-01-18 09:00:00.000,0.00000082,0.00000085,0.00000080,0.00000082,25322643.00000000,2020-01-19 08:59:59.999,21.07470374,1442,13818449.00000000,11.56987667,0
241,2020-01-19 09:00:00.000,0.00000083,0.00000083,0.00000078,0.00000081,10083340.00000000,2020-01-20 08:59:59.999,8.04833390,706,4172733.00000000,3.34582915,0
242,2020-01-20 09:00:00.000,0.00000081,0.00000082,0.00000080,0.00000080,6839481.00000000,2020-01-21 08:59:59.999,5.51851669,407,2409146.00000000,1.95756631,0
243,2020-01-21 09:00:00.000,0.00000080,0.00000084,0.00000080,0.00000084,7943264.00000000,2020-01-22 08:59:59.999,6.50934205,628,4313798.00000000,3.55017844,0
244,2020-01-22 09:00:00.000,0.00000084,0.00000095,0.00000083,0.00000088,85083375.00000000,2020-01-23 08:59:59.999,76.31658974,4770,51203099.00000000,46.27181845,0
245,2020-01-23 09:00:00.000,0.00000088,0.00000089,0.00000084,0.00000088,16930027.00000000,2020-01-24 08:59:59.999,14.55458738,1468,6545881.00000000,5.65562124,0
246,2020-01-24 09:00:00.000,0.00000087,0.00000089,0.00000085,0.00000086,4548796.00000000,2020-01-25 08:59:59.999,3.92772106,513,2234445.00000000,1.93947969,0
247,2020-01-25 09:00:00.000,0.00000086,0.00000089,0.00000085,0.00000088,5771716.00000000,2020-01-26 08:59:59.999,4.99994222,451,2697681.00000000,2.35490188,0
248,2020-01-26 09:00:00.000,0.00000088,0.00000109,0.00000088,0.00000095,134603269.00000000,2020-01-27 08:59:59.999,133.94931394,10896,69472800.00000000,69.36176005,0
249,2020-01-27 09:00:00.000,0.00000094,0.00000094,0.00000087,0.00000088,34419626.00000000,2020-01-28 08:59:59.999,31.37364142,2288,12379569.00000000,11.34330353,0
250,2020-01-28 09:00:00.000,0.00000088,0.00000090,0.00000081,0.00000082,17841382.00000000,2020-01-29 08:59:59.999,15.32365750,1637,6088181.00000000,5.28554779,0
251,2020-01-29 09:00:00.000,0.00000082,0.00000083,0.00000079,0.00000082,17915313.00000000,2020-01-30 08:59:59.999,14.53961965,1359,6787459.00000000,5.53190906,0
252,2020-01-30 09:00:00.000,0.00000082,0.00000082,0.00000077,0.00000077,16376263.00000000,2020-01-31 08:59:59.999,12.99053701,998,4751543.00000000,3.78036561,0
253,2020-01-31 09:00:00.000,0.00000077,0.00000086,0.00000077,0.00000085,15283555.00000000,2020-02-01 08:59:59.999,12.48594043,1418,10375991.00000000,8.50596136,0
254,2020-02-01 09:00:00.000,0.00000086,0.00000086,0.00000081,0.00000085,17030658.00000000,2020-02-02 08:59:59.999,14.12064279,1045,7965483.00000000,6.62506398,0
255,2020-02-02 09:00:00.000,0.00000085,0.00000088,0.00000084,0.00000085,20669872.00000000,2020-02-03 08:59:59.999,17.71798340,1117,9221133.00000000,7.92739558,0
256,2020-02-03 09:00:00.000,0.00000086,0.00000087,0.00000083,0.00000085,14277162.00000000,2020-02-04 08:59:59.999,12.09959794,872,5704115.00000000,4.85659531,0
257,2020-02-04 09:00:00.000,0.00000086,0.00000093,0.00000084,0.00000091,29940355.00000000,2020-02-05 08:59:59.999,26.70337511,1606,17039614.00000000,15.19804990,0
258,2020-02-05 09:00:00.000,0.00000091,0.00000093,0.00000084,0.00000088,28803596.00000000,2020-02-06 08:59:59.999,25.20545132,2030,10438343.00000000,9.16793256,0
259,2020-02-06 09:00:00.000,0.00000088,0.00000101,0.00000086,0.00000098,44792153.00000000,2020-02-07 08:59:59.999,42.49666877,3951,23811667.00000000,22.66326812,0
260,2020-02-07 09:00:00.000,0.00000098,0.00000106,0.00000095,0.00000099,40470483.00000000,2020-02-08 08:59:59.999,40.67137464,4020,17691525.00000000,17.93766579,0
261,2020-02-08 09:00:00.000,0.00000099,0.00000102,0.00000093,0.00000093,16849848.00000000,2020-02-09 08:59:59.999,16.43416316,2061,7731091.00000000,7.59750797,0
262,2020-02-09 09:00:00.000,0.00000095,0.00000099,0.00000093,0.00000095,15286465.00000000,2020-02-10 08:59:59.999,14.68552606,1369,5581992.00000000,5.38643272,0
263,2020-02-10 09:00:00.000,0.00000095,0.00000101,0.00000091,0.00000098,49079573.00000000,2020-02-11 08:59:59.999,46.42536811,3166,22403053.00000000,21.37496288,0
264,2020-02-11 09:00:00.000,0.00000098,0.00000099,0.00000090,0.00000093,55564654.00000000,2020-02-12 08:59:59.999,52.36345592,2956,20656201.00000000,19.54109251,0
265,2020-02-12 09:00:00.000,0.00000093,0.00000107,0.00000091,0.00000104,325959558.00000000,2020-02-13 08:59:59.999,318.58888085,9431,158997832.00000000,156.48972542,0
266,2020-02-13 09:00:00.000,0.00000103,0.00000117,0.00000095,0.00000113,192839551.00000000,2020-02-14 08:59:59.999,206.11076208,9732,96468952.00000000,103.74003064,0
267,2020-02-14 09:00:00.000,0.00000113,0.00000124,0.00000110,0.00000111,103142024.00000000,2020-02-15 08:59:59.999,119.38447809,6653,47395692.00000000,55.33717519,0
268,2020-02-15 09:00:00.000,0.00000111,0.00000117,0.00000085,0.00000102,144631730.00000000,2020-02-16 08:59:59.999,150.49764447,8018,64036033.00000000,66.95091400,0
269,2020-02-16 09:00:00.000,0.00000102,0.00000108,0.00000086,0.00000094,99480392.00000000,2020-02-17 08:59:59.999,97.61067272,4912,37123948.00000000,36.68959357,0
270,2020-02-17 09:00:00.000,0.00000095,0.00000095,0.00000085,0.00000094,67090751.00000000,2020-02-18 08:59:59.999,60.39707503,3495,29176327.00000000,26.47635778,0
271,2020-02-18 09:00:00.000,0.00000094,0.00000097,0.00000091,0.00000093,30199204.00000000,2020-02-19 08:59:59.999,28.25212379,1958,13281323.00000000,12.50331517,0
272,2020-02-19 09:00:00.000,0.00000092,0.00000094,0.00000086,0.00000088,27155432.00000000,2020-02-20 08:59:59.999,24.45127245,1374,6520736.00000000,5.89959894,0
273,2020-02-20 09:00:00.000,0.00000088,0.00000091,0.00000083,0.00000085,31555752.00000000,2020-02-21 08:59:59.999,27.08563783,1470,10014849.00000000,8.62932218,0
274,2020-02-21 09:00:00.000,0.00000086,0.00000089,0.00000085,0.00000086,17414321.00000000,2020-02-22 08:59:59.999,15.17081506,795,7595258.00000000,6.63522521,0
275,2020-02-22 09:00:00.000,0.00000087,0.00000088,0.00000084,0.00000087,19972623.00000000,2020-02-23 08:59:59.999,17.12018946,854,10426363.00000000,8.96718257,0
276,2020-02-23 09:00:00.000,0.00000086,0.00000088,0.00000084,0.00000085,17733887.00000000,2020-02-24 08:59:59.999,15.19908851,722,7440691.00000000,6.40275888,0
277,2020-02-24 09:00:00.000,0.00000084,0.00000086,0.00000081,0.00000084,31783696.00000000,2020-02-25 08:59:59.999,26.43782012,967,9036548.00000000,7.55235615,0
278,2020-02-25 09:00:00.000,0.00000084,0.00000088,0.00000078,0.00000080,125321657.00000000,2020-02-26 08:59:59.999,105.25186477,4119,77737474.00000000,65.72603932,0
279,2020-02-26 09:00:00.000,0.00000079,0.00000079,0.00000070,0.00000073,60530070.00000000,2020-02-27 08:59:59.999,44.82789370,2576,25635679.00000000,19.05642614,0
280,2020-02-27 09:00:00.000,0.00000073,0.00000078,0.00000072,0.00000076,36053489.00000000,2020-02-28 08:59:59.999,27.37708999,1647,17181676.00000000,13.10127247,0
281,2020-02-28 09:00:00.000,0.00000076,0.00000078,0.00000072,0.00000077,23903870.00000000,2020-02-29 08:59:59.999,17.94351752,1115,9271736.00000000,7.01202195,0
282,2020-02-29 09:00:00.000,0.00000076,0.00000077,0.00000073,0.00000075,21321326.00000000,2020-03-01 08:59:59.999,15.96546595,632,6016965.00000000,4.52012674,0
283,2020-03-01 09:00:00.000,0.00000074,0.00000076,0.00000072,0.00000073,13742566.00000000,2020-03-02 08:59:59.999,10.16710752,665,6405799.00000000,4.77025980,0
284,2020-03-02 09:00:00.000,0.00000073,0.00000077,0.00000073,0.00000074,20166594.00000000,2020-03-03 08:59:59.999,15.07584311,768,11268808.00000000,8.42483221,0
285,2020-03-03 09:00:00.000,0.00000075,0.00000078,0.00000074,0.00000076,18805859.00000000,2020-03-04 08:59:59.999,14.30392280,861,11687208.00000000,8.91035314,0
286,2020-03-04 09:00:00.000,0.00000076,0.00000079,0.00000075,0.00000077,22435616.00000000,2020-03-05 08:59:59.999,17.26498215,975,11016665.00000000,8.51415915,0
287,2020-03-05 09:00:00.000,0.00000077,0.00000079,0.00000076,0.00000078,25907527.00000000,2020-03-06 08:59:59.999,20.17638574,941,10687656.00000000,8.35682650,0
288,2020-03-06 09:00:00.000,0.00000077,0.00000083,0.00000075,0.00000081,52056154.00000000,2020-03-07 08:59:59.999,41.44705098,2237,28453813.00000000,22.81330530,0
289,2020-03-07 09:00:00.000,0.00000082,0.00000082,0.00000076,0.00000077,26245082.00000000,2020-03-08 08:59:59.999,20.86726960,1282,10863120.00000000,8.66192875,0
290,2020-03-08 09:00:00.000,0.00000078,0.00000078,0.00000073,0.00000073,21283789.00000000,2020-03-09 08:59:59.999,16.01959717,1149,7153925.00000000,5.38713722,0
291,2020-03-09 09:00:00.000,0.00000074,0.00000079,0.00000073,0.00000076,18870257.00000000,2020-03-10 08:59:59.999,14.20743926,1333,10829536.00000000,8.18621777,0
292,2020-03-10 09:00:00.000,0.00000077,0.00000083,0.00000075,0.00000077,31310642.00000000,2020-03-11 08:59:59.999,24.59041791,1319,14156123.00000000,11.20961056,0
293,2020-03-11 09:00:00.000,0.00000077,0.00000079,0.00000073,0.00000076,25314118.00000000,2020-03-12 08:59:59.999,19.37172122,1409,8888040.00000000,6.85020583,0
294,2020-03-12 09:00:00.000,0.00000076,0.00000076,0.00000046,0.00000058,68779730.00000000,2020-03-13 08:59:59.999,42.75136114,3994,28742868.00000000,17.79801211,0
295,2020-03-13 09:00:00.000,0.00000057,0.00000064,0.00000052,0.00000058,54573787.00000000,2020-03-14 08:59:59.999,31.33328429,3524,26343201.00000000,15.31712061,0
296,2020-03-14 09:00:00.000,0.00000058,0.00000063,0.00000056,0.00000058,22386359.00000000,2020-03-15 08:59:59.999,13.39237022,1398,11603705.00000000,6.98793759,0
297,2020-03-15 09:00:00.000,0.00000058,0.00000062,0.00000056,0.00000057,15856390.00000000,2020-03-16 08:59:59.999,9.36003884,741,7107083.00000000,4.21621117,0
298,2020-03-16 09:00:00.000,0.00000057,0.00000058,0.00000053,0.00000056,18525298.00000000,2020-03-17 08:59:59.999,10.18379246,1132,8975323.00000000,4.95527595,0
299,2020-03-17 09:00:00.000,0.00000056,0.00000057,0.00000052,0.00000053,10911437.00000000,2020-03-18 08:59:59.999,5.96391167,675,4050824.00000000,2.23007809,0
300,2020-03-18 09:00:00.000,0.00000054,0.00000055,0.00000050,0.00000054,8460470.00000000,2020-03-19 08:59:59.999,4.44391387,481,2814347.00000000,1.49469042,0
301,2020-03-19 09:00:00.000,0.00000054,0.00000067,0.00000054,0.00000057,92771082.00000000,2020-03-20 08:59:59.999,54.85583651,4821,53982771.00000000,32.31840352,0
302,2020-03-20 09:00:00.000,0.00000057,0.00000069,0.00000051,0.00000053,63907517.00000000,2020-03-21 08:59:59.999,38.07404562,2864,26871840.00000000,16.31520191,0
303,2020-03-21 09:00:00.000,0.00000054,0.00000057,0.00000049,0.00000052,60707089.00000000,2020-03-22 08:59:59.999,32.05417006,2330,25171883.00000000,13.51468196,0
304,2020-03-22 09:00:00.000,0.00000053,0.00000054,0.00000050,0.00000051,35728447.00000000,2020-03-23 08:59:59.999,18.65876906,1158,12913032.00000000,6.85549889,0
305,2020-03-23 09:00:00.000,0.00000050,0.00000051,0.00000047,0.00000050,25028246.00000000,2020-03-24 08:59:59.999,12.24745636,781,11640880.00000000,5.71919616,0
306,2020-03-24 09:00:00.000,0.00000049,0.00000049,0.00000046,0.00000048,16474871.00000000,2020-03-25 08:59:59.999,7.87465441,550,8162565.00000000,3.90957883,0
307,2020-03-25 09:00:00.000,0.00000049,0.00000053,0.00000047,0.00000050,48324785.00000000,2020-03-26 08:59:59.999,24.29073985,1320,29687702.00000000,15.08492981,0
308,2020-03-26 09:00:00.000,0.00000050,0.00000053,0.00000048,0.00000050,54065725.00000000,2020-03-27 08:59:59.999,27.74639264,1989,34549817.00000000,17.84939188,0
309,2020-03-27 09:00:00.000,0.00000051,0.00000053,0.00000050,0.00000052,19308818.00000000,2020-03-28 08:59:59.999,9.93827935,597,9623122.00000000,4.99691175,0
310,2020-03-28 09:00:00.000,0.00000052,0.00000052,0.00000048,0.00000051,24764904.00000000,2020-03-29 08:59:59.999,12.45496636,753,11757710.00000000,5.94538641,0
311,2020-03-29 09:00:00.000,0.00000050,0.00000051,0.00000049,0.00000051,19552835.00000000,2020-03-30 08:59:59.999,9.85848444,475,9903945.00000000,5.03568522,0
312,2020-03-30 09:00:00.000,0.00000050,0.00000051,0.00000048,0.00000050,9976569.00000000,2020-03-31 08:59:59.999,4.96868290,414,4155411.00000000,2.07914197,0
313,2020-03-31 09:00:00.000,0.00000049,0.00000054,0.00000048,0.00000052,67359609.00000000,2020-04-01 08:59:59.999,35.16656682,1634,49391458.00000000,25.97879253,0
314,2020-04-01 09:00:00.000,0.00000052,0.00000053,0.00000050,0.00000052,34546499.00000000,2020-04-02 08:59:59.999,17.80737222,929,16121307.00000000,8.34943159,0
315,2020-04-02 09:00:00.000,0.00000052,0.00000055,0.00000049,0.00000051,36561416.00000000,2020-04-03 08:59:59.999,19.11732831,1410,12490343.00000000,6.62690128,0
316,2020-04-03 09:00:00.000,0.00000051,0.00000052,0.00000049,0.00000050,21561146.00000000,2020-04-04 08:59:59.999,10.85183744,619,8994975.00000000,4.56159364,0
317,2020-04-04 09:00:00.000,0.00000051,0.00000051,0.00000049,0.00000050,19169701.00000000,2020-04-05 08:59:59.999,9.65480919,492,9447543.00000000,4.79722927,0
318,2020-04-05 09:00:00.000,0.00000051,0.00000053,0.00000049,0.00000052,140450347.00000000,2020-04-06 08:59:59.999,72.81214569,2320,118791789.00000000,61.72994991,0
319,2020-04-06 09:00:00.000,0.00000052,0.00000058,0.00000051,0.00000053,100640972.00000000,2020-04-07 08:59:59.999,55.13551905,2758,59696892.00000000,33.04826859,0
320,2020-04-07 09:00:00.000,0.00000053,0.00000055,0.00000051,0.00000051,68043607.00000000,2020-04-08 08:59:59.999,35.70791784,4673,33552590.00000000,17.78498980,0
321,2020-04-08 09:00:00.000,0.00000051,0.00000055,0.00000051,0.00000054,74376892.00000000,2020-04-09 08:59:59.999,39.18310004,1504,57300689.00000000,30.30736371,0
322,2020-04-09 09:00:00.000,0.00000053,0.00000054,0.00000052,0.00000053,21132741.00000000,2020-04-10 08:59:59.999,11.14378988,745,8414008.00000000,4.46131763,0
323,2020-04-10 09:00:00.000,0.00000053,0.00000054,0.00000049,0.00000052,37128619.00000000,2020-04-11 08:59:59.999,19.06085900,1085,12007843.00000000,6.23240609,0
324,2020-04-11 09:00:00.000,0.00000051,0.00000052,0.00000050,0.00000050,11765254.00000000,2020-04-12 08:59:59.999,5.96754885,389,4858369.00000000,2.47875820,0
325,2020-04-12 09:00:00.000,0.00000050,0.00000051,0.00000050,0.00000051,12121122.00000000,2020-04-13 08:59:59.999,6.08134216,372,3678118.00000000,1.85984016,0
326,2020-04-13 09:00:00.000,0.00000051,0.00000056,0.00000050,0.00000056,53985318.00000000,2020-04-14 08:59:59.999,28.69033178,1415,34150843.00000000,18.16881319,0
327,2020-04-14 09:00:00.000,0.00000055,0.00000070,0.00000053,0.00000056,647999997.00000000,2020-04-15 08:59:59.999,402.09350303,13864,443115364.00000000,277.67957674,0
328,2020-04-15 09:00:00.000,0.00000056,0.00000056,0.00000051,0.00000053,96033015.00000000,2020-04-16 08:59:59.999,51.47310886,2281,41304327.00000000,22.24188267,0
329,2020-04-16 09:00:00.000,0.00000052,0.00000053,0.00000051,0.00000052,79837987.00000000,2020-04-17 08:59:59.999,41.44122600,1626,50191420.00000000,26.21201224,0
330,2020-04-17 09:00:00.000,0.00000052,0.00000052,0.00000050,0.00000052,24473203.00000000,2020-04-18 08:59:59.999,12.47476362,695,9313082.00000000,4.76555605,0
331,2020-04-18 09:00:00.000,0.00000052,0.00000053,0.00000050,0.00000052,39001064.00000000,2020-04-19 08:59:59.999,20.08034659,1190,21274610.00000000,11.00413509,0
332,2020-04-19 09:00:00.000,0.00000052,0.00000053,0.00000051,0.00000051,18858985.00000000,2020-04-20 08:59:59.999,9.71307647,466,6038688.00000000,3.14059999,0
333,2020-04-20 09:00:00.000,0.00000051,0.00000052,0.00000047,0.00000049,52520849.00000000,2020-04-21 08:59:59.999,26.24351838,1275,17318071.00000000,8.70614668,0
334,2020-04-21 09:00:00.000,0.00000049,0.00000051,0.00000049,0.00000049,30308245.00000000,2020-04-22 08:59:59.999,15.06546647,659,13320221.00000000,6.67212544,0
335,2020-04-22 09:00:00.000,0.00000050,0.00000052,0.00000048,0.00000050,162544093.00000000,2020-04-23 08:59:59.999,82.03647307,2183,103061382.00000000,52.31971144,0
336,2020-04-23 09:00:00.000,0.00000050,0.00000051,0.00000047,0.00000048,52098601.00000000,2020-04-24 08:59:59.999,25.62788091,1141,24422193.00000000,12.12383060,0
337,2020-04-24 09:00:00.000,0.00000048,0.00000050,0.00000047,0.00000050,49416022.00000000,2020-04-25 08:59:59.999,24.13774480,1090,20746624.00000000,10.17210651,0
338,2020-04-25 09:00:00.000,0.00000050,0.00000052,0.00000048,0.00000049,72952743.00000000,2020-04-26 08:59:59.999,36.75511270,1633,50236721.00000000,25.48678244,0
339,2020-04-26 09:00:00.000,0.00000049,0.00000051,0.00000049,0.00000050,40225006.00000000,2020-04-27 08:59:59.999,20.09187667,890,17345424.00000000,8.68134570,0
340,2020-04-27 09:00:00.000,0.00000050,0.00000054,0.00000049,0.00000050,76830709.00000000,2020-04-28 08:59:59.999,39.26700187,1891,36632500.00000000,18.88749530,0
341,2020-04-28 09:00:00.000,0.00000050,0.00000051,0.00000049,0.00000051,22725986.00000000,2020-04-29 08:59:59.999,11.39234966,736,10754911.00000000,5.41645580,0
342,2020-04-29 09:00:00.000,0.00000050,0.00000051,0.00000044,0.00000045,57060704.00000000,2020-04-30 08:59:59.999,26.77884229,1734,16675198.00000000,7.85575117,0
343,2020-04-30 09:00:00.000,0.00000045,0.00000046,0.00000042,0.00000044,48406083.00000000,2020-05-01 08:59:59.999,21.04741324,981,25107937.00000000,10.94544605,0
344,2020-05-01 09:00:00.000,0.00000044,0.00000045,0.00000043,0.00000045,32358554.00000000,2020-05-02 08:59:59.999,14.21530524,628,17129570.00000000,7.56303966,0
345,2020-05-02 09:00:00.000,0.00000045,0.00000045,0.00000044,0.00000044,24859440.00000000,2020-05-03 08:59:59.999,11.04528818,650,11781005.00000000,5.28428603,0
346,2020-05-03 09:00:00.000,0.00000044,0.00000044,0.00000043,0.00000044,9500643.00000000,2020-05-04 08:59:59.999,4.15618936,305,5911306.00000000,2.60097464,0
347,2020-05-04 09:00:00.000,0.00000044,0.00000044,0.00000042,0.00000043,13229982.00000000,2020-05-05 08:59:59.999,5.68872044,456,5479776.00000000,2.38289063,0
348,2020-05-05 09:00:00.000,0.00000044,0.00000046,0.00000043,0.00000043,80318853.00000000,2020-05-06 08:59:59.999,35.95372295,1707,52864167.00000000,23.86374181,0
349,2020-05-06 09:00:00.000,0.00000043,0.00000044,0.00000042,0.00000042,30695513.00000000,2020-05-07 08:59:59.999,13.19076373,882,14926993.00000000,6.45041794,0
350,2020-05-07 09:00:00.000,0.00000042,0.00000043,0.00000037,0.00000037,32219369.00000000,2020-05-08 08:59:59.999,12.78970833,855,11488537.00000000,4.66908316,0
351,2020-05-08 09:00:00.000,0.00000038,0.00000041,0.00000037,0.00000041,18771028.00000000,2020-05-09 08:59:59.999,7.31382251,459,10440837.00000000,4.08565445,0
352,2020-05-09 09:00:00.000,0.00000041,0.00000041,0.00000039,0.00000040,14694405.00000000,2020-05-10 08:59:59.999,5.90450948,537,7057936.00000000,2.85585774,0
353,2020-05-10 09:00:00.000,0.00000041,0.00000043,0.00000040,0.00000040,18784658.00000000,2020-05-11 08:59:59.999,7.74464628,799,10905093.00000000,4.51069178,0
354,2020-05-11 09:00:00.000,0.00000041,0.00000042,0.00000039,0.00000041,23410270.00000000,2020-05-12 08:59:59.999,9.45752990,844,10515047.00000000,4.27713271,0
355,2020-05-12 09:00:00.000,0.00000042,0.00000042,0.00000040,0.00000040,15187565.00000000,2020-05-13 08:59:59.999,6.16675705,403,4005952.00000000,1.64440764,0
356,2020-05-13 09:00:00.000,0.00000040,0.00000041,0.00000038,0.00000039,11042508.00000000,2020-05-14 08:59:59.999,4.35659543,406,4763949.00000000,1.89333537,0
357,2020-05-14 09:00:00.000,0.00000038,0.00000040,0.00000037,0.00000038,17516217.00000000,2020-05-15 08:59:59.999,6.68873811,587,6869635.00000000,2.62821143,0
358,2020-05-15 09:00:00.000,0.00000037,0.00000040,0.00000037,0.00000040,13905888.00000000,2020-05-16 08:59:59.999,5.44810199,819,9128290.00000000,3.58720743,0
359,2020-05-16 09:00:00.000,0.00000040,0.00000045,0.00000038,0.00000043,61363599.00000000,2020-05-17 08:59:59.999,25.90536107,1660,40233996.00000000,17.19931578,0
360,2020-05-17 09:00:00.000,0.00000042,0.00000045,0.00000039,0.00000039,38206985.00000000,2020-05-18 08:59:59.999,15.68708881,1223,11393096.00000000,4.76413844,0
361,2020-05-18 09:00:00.000,0.00000039,0.00000041,0.00000038,0.00000041,12604175.00000000,2020-05-19 08:59:59.999,5.00740152,620,5229432.00000000,2.08990169,0
362,2020-05-19 09:00:00.000,0.00000040,0.00000041,0.00000039,0.00000040,5242984.00000000,2020-05-20 08:59:59.999,2.08476423,303,2191596.00000000,0.87674466,0
363,2020-05-20 09:00:00.000,0.00000040,0.00000040,0.00000039,0.00000039,9568669.00000000,2020-05-21 08:59:59.999,3.78236856,282,4624639.00000000,1.84985560,0
364,2020-05-21 09:00:00.000,0.00000039,0.00000045,0.00000039,0.00000043,84392679.00000000,2020-05-22 08:59:59.999,35.95539102,2126,42261804.00000000,18.04536946,0
365,2020-05-22 09:00:00.000,0.00000043,0.00000050,0.00000042,0.00000046,91924454.00000000,2020-05-23 08:59:59.999,42.57997233,3079,55454924.00000000,25.72180820,0
366,2020-05-23 09:00:00.000,0.00000046,0.00000051,0.00000046,0.00000048,57873135.00000000,2020-05-24 08:59:59.999,27.78557750,2903,30426908.00000000,14.68065909,0
367,2020-05-24 09:00:00.000,0.00000048,0.00000058,0.00000048,0.00000054,107035676.00000000,2020-05-25 08:59:59.999,55.64250423,4628,53576741.00000000,28.18304539,0
368,2020-05-25 09:00:00.000,0.00000054,0.00000069,0.00000051,0.00000061,238144417.00000000,2020-05-26 08:59:59.999,146.17839391,8816,129345408.00000000,80.26232905,0
369,2020-05-26 09:00:00.000,0.00000061,0.00000061,0.00000055,0.00000055,76761516.00000000,2020-05-27 08:59:59.999,44.14495104,3518,30669079.00000000,17.74657488,0
370,2020-05-27 09:00:00.000,0.00000055,0.00000059,0.00000050,0.00000052,70935571.00000000,2020-05-28 08:59:59.999,37.86142819,2845,26408560.00000000,14.05249690,0
371,2020-05-28 09:00:00.000,0.00000052,0.00000053,0.00000049,0.00000049,27318341.00000000,2020-05-29 08:59:59.999,13.82383666,1190,6511137.00000000,3.32803930,0
372,2020-05-29 09:00:00.000,0.00000049,0.00000053,0.00000049,0.00000051,26904731.00000000,2020-05-30 08:59:59.999,13.78184958,994,15904631.00000000,8.19309350,0
373,2020-05-30 09:00:00.000,0.00000052,0.00000056,0.00000051,0.00000051,38426051.00000000,2020-05-31 08:59:59.999,20.42309605,1723,14845842.00000000,7.91912662,0
374,2020-05-31 09:00:00.000,0.00000051,0.00000053,0.00000049,0.00000049,42575180.00000000,2020-06-01 08:59:59.999,21.63195158,1626,13523288.00000000,6.92077540,0
375,2020-06-01 09:00:00.000,0.00000050,0.00000052,0.00000046,0.00000047,36231055.00000000,2020-06-02 08:59:59.999,18.00708480,1489,18242380.00000000,9.15112497,0
376,2020-06-02 09:00:00.000,0.00000047,0.00000052,0.00000046,0.00000051,32014205.00000000,2020-06-03 08:59:59.999,15.64264466,1446,13167451.00000000,6.46281702,0
377,2020-06-03 09:00:00.000,0.00000051,0.00000052,0.00000049,0.00000050,25621460.00000000,2020-06-04 08:59:59.999,12.94587371,1164,10162858.00000000,5.17255809,0
378,2020-06-04 09:00:00.000,0.00000051,0.00000059,0.00000050,0.00000057,111506571.00000000,2020-06-05 08:59:59.999,62.48213191,3787,53595979.00000000,30.03827766,0
379,2020-06-05 09:00:00.000,0.00000057,0.00000058,0.00000052,0.00000053,54010477.00000000,2020-06-06 08:59:59.999,29.47420185,2380,15348012.00000000,8.45213794,0
380,2020-06-06 09:00:00.000,0.00000053,0.00000058,0.00000053,0.00000057,52401215.00000000,2020-06-07 08:59:59.999,29.39569073,2005,31259955.00000000,17.59691676,0
381,2020-06-07 09:00:00.000,0.00000057,0.00000058,0.00000054,0.00000056,31824824.00000000,2020-06-08 08:59:59.999,17.74049771,1145,10750490.00000000,6.02136429,0
382,2020-06-08 09:00:00.000,0.00000056,0.00000056,0.00000054,0.00000055,27413135.00000000,2020-06-09 08:59:59.999,15.08004355,1038,10366593.00000000,5.74672997,0
383,2020-06-09 09:00:00.000,0.00000055,0.00000059,0.00000054,0.00000057,32632327.00000000,2020-06-10 08:59:59.999,18.55674032,1281,19218496.00000000,11.00319927,0
384,2020-06-10 09:00:00.000,0.00000057,0.00000061,0.00000055,0.00000056,56854389.00000000,2020-06-11 08:59:59.999,32.95950491,2041,25922772.00000000,15.17090286,0
385,2020-06-11 09:00:00.000,0.00000056,0.00000058,0.00000050,0.00000052,68829650.00000000,2020-06-12 08:59:59.999,37.31024861,2562,20738886.00000000,11.37965986,0
386,2020-06-12 09:00:00.000,0.00000051,0.00000054,0.00000051,0.00000053,29419798.00000000,2020-06-13 08:59:59.999,15.38678777,1111,11459615.00000000,6.04749493,0
387,2020-06-13 09:00:00.000,0.00000053,0.00000058,0.00000052,0.00000057,98704021.00000000,2020-06-14 08:59:59.999,54.65947109,2855,57571681.00000000,32.01445166,0
388,2020-06-14 09:00:00.000,0.00000057,0.00000065,0.00000056,0.00000063,159642114.00000000,2020-06-15 08:59:59.999,96.30512084,5060,86074809.00000000,52.15318904,0
389,2020-06-15 09:00:00.000,0.00000063,0.00000065,0.00000056,0.00000060,127275162.00000000,2020-06-16 08:59:59.999,76.65049087,4961,55142558.00000000,33.60357637,0
390,2020-06-16 09:00:00.000,0.00000059,0.00000074,0.00000058,0.00000069,179628944.00000000,2020-06-17 08:59:59.999,119.88308296,6793,93743527.00000000,62.78456121,0
391,2020-06-17 09:00:00.000,0.00000069,0.00000076,0.00000067,0.00000070,140129863.00000000,2020-06-18 08:59:59.999,99.04052263,5599,60151895.00000000,42.83485949,0
392,2020-06-18 09:00:00.000,0.00000069,0.00000070,0.00000065,0.00000067,64295273.00000000,2020-06-19 08:59:59.999,43.13247135,3109,27827268.00000000,18.78870735,0
393,2020-06-19 09:00:00.000,0.00000067,0.00000069,0.00000064,0.00000067,42281022.00000000,2020-06-20 08:59:59.999,27.92708471,1986,15741006.00000000,10.48700920,0
394,2020-06-20 09:00:00.000,0.00000067,0.00000069,0.00000065,0.00000067,44009535.00000000,2020-06-21 08:59:59.999,29.37056392,1778,20432825.00000000,13.70119791,0
395,2020-06-21 09:00:00.000,0.00000067,0.00000069,0.00000065,0.00000067,29407193.00000000,2020-06-22 08:59:59.999,19.70665298,1173,12329163.00000000,8.29365573,0
396,2020-06-22 09:00:00.000,0.00000068,0.00000072,0.00000064,0.00000065,56235015.00000000,2020-06-23 08:59:59.999,38.06461355,2864,23773841.00000000,16.29211330,0
397,2020-06-23 09:00:00.000,0.00000064,0.00000065,0.00000062,0.00000064,47629285.00000000,2020-06-24 08:59:59.999,30.27423588,1848,19018793.00000000,12.15714709,0
398,2020-06-24 09:00:00.000,0.00000064,0.00000067,0.00000062,0.00000064,35500107.00000000,2020-06-25 08:59:59.999,22.90195009,1844,15098703.00000000,9.78779970,0
399,2020-06-25 09:00:00.000,0.00000064,0.00000069,0.00000060,0.00000064,94763885.00000000,2020-06-26 08:59:59.999,61.53732520,3361,58985978.00000000,38.71779988,0
400,2020-06-26 09:00:00.000,0.00000064,0.00000067,0.00000062,0.00000063,22824734.00000000,2020-06-27 08:59:59.999,14.66646356,1362,8943429.00000000,5.82921858,0
401,2020-06-27 09:00:00.000,0.00000063,0.00000063,0.00000058,0.00000060,28207988.00000000,2020-06-28 08:59:59.999,17.26131616,1525,8060798.00000000,4.95484704,0
402,2020-06-28 09:00:00.000,0.00000059,0.00000063,0.00000058,0.00000061,22762690.00000000,2020-06-29 08:59:59.999,13.71100758,1384,8502505.00000000,5.15327220,0
403,2020-06-29 09:00:00.000,0.00000060,0.00000063,0.00000059,0.00000062,21819627.00000000,2020-06-30 08:59:59.999,13.34421656,937,9234955.00000000,5.67689669,0
404,2020-06-30 09:00:00.000,0.00000062,0.00000065,0.00000062,0.00000062,23286326.00000000,2020-07-01 08:59:59.999,14.70233710,1130,9727913.00000000,6.18619571,0
405,2020-07-01 09:00:00.000,0.00000062,0.00000064,0.00000060,0.00000063,14232123.00000000,2020-07-02 08:59:59.999,8.78908902,787,6640140.00000000,4.13097312,0
406,2020-07-02 09:00:00.000,0.00000062,0.00000064,0.00000061,0.00000061,22915768.00000000,2020-07-03 08:59:59.999,14.23531710,1207,6493071.00000000,4.08460888,0
407,2020-07-03 09:00:00.000,0.00000061,0.00000066,0.00000060,0.00000065,45291313.00000000,2020-07-04 08:59:59.999,28.66214380,1952,25311969.00000000,16.12630218,0
408,2020-07-04 09:00:00.000,0.00000065,0.00000069,0.00000064,0.00000067,50710849.00000000,2020-07-05 08:59:59.999,33.69762222,1995,31002510.00000000,20.66906742,0
409,2020-07-05 09:00:00.000,0.00000067,0.00000068,0.00000063,0.00000064,45082559.00000000,2020-07-06 08:59:59.999,29.36250890,1971,15879982.00000000,10.40262936,0
410,2020-07-06 09:00:00.000,0.00000064,0.00000067,0.00000063,0.00000065,40445464.00000000,2020-07-07 08:59:59.999,26.33116245,1614,19513922.00000000,12.74369389,0
411,2020-07-07 09:00:00.000,0.00000064,0.00000065,0.00000062,0.00000064,41134258.00000000,2020-07-08 08:59:59.999,26.22476286,1603,14764361.00000000,9.45119665,0
412,2020-07-08 09:00:00.000,0.00000064,0.00000065,0.00000063,0.00000065,25732993.00000000,2020-07-09 08:59:59.999,16.50000789,1388,12438883.00000000,8.03484421,0
413,2020-07-09 09:00:00.000,0.00000065,0.00000072,0.00000063,0.00000069,153020590.00000000,2020-07-10 08:59:59.999,105.93496422,6333,91488935.00000000,63.54113202,0
414,2020-07-10 09:00:00.000,0.00000069,0.00000088,0.00000068,0.00000078,384291127.00000000,2020-07-11 08:59:59.999,304.91451744,14874,194481721.00000000,154.08237324,0
415,2020-07-11 09:00:00.000,0.00000077,0.00000084,0.00000073,0.00000075,115878131.00000000,2020-07-12 08:59:59.999,88.94903730,4546,49483481.00000000,38.36642725,0
416,2020-07-12 09:00:00.000,0.00000075,0.00000079,0.00000069,0.00000071,98428106.00000000,2020-07-13 08:59:59.999,73.60310901,4340,42692974.00000000,32.45724393,0
417,2020-07-13 09:00:00.000,0.00000071,0.00000079,0.00000070,0.00000072,211481416.00000000,2020-07-14 08:59:59.999,159.77930081,12722,124180724.00000000,94.09811122,0
418,2020-07-14 09:00:00.000,0.00000072,0.00000076,0.00000072,0.00000074,55635705.00000000,2020-07-15 08:59:59.999,41.21892690,2570,27601311.00000000,20.55972310,0
419,2020-07-15 09:00:00.000,0.00000075,0.00000076,0.00000071,0.00000072,50589762.00000000,2020-07-16 08:59:59.999,37.18653681,2173,16710201.00000000,12.40342796,0
420,2020-07-16 09:00:00.000,0.00000072,0.00000075,0.00000068,0.00000072,49657649.00000000,2020-07-17 08:59:59.999,35.20190046,2772,21534383.00000000,15.37728378,0
421,2020-07-17 09:00:00.000,0.00000071,0.00000074,0.00000071,0.00000073,21262366.00000000,2020-07-18 08:59:59.999,15.30886365,1364,11766350.00000000,8.51641755,0
422,2020-07-18 09:00:00.000,0.00000073,0.00000085,0.00000072,0.00000081,84986554.00000000,2020-07-19 08:59:59.999,66.98523951,4706,50296307.00000000,39.69248953,0
423,2020-07-19 09:00:00.000,0.00000081,0.00000095,0.00000079,0.00000093,164671509.00000000,2020-07-20 08:59:59.999,144.25390885,10501,87605976.00000000,77.21286705,0
424,2020-07-20 09:00:00.000,0.00000093,0.00000114,0.00000088,0.00000105,290418971.00000000,2020-07-21 08:59:59.999,295.97410952,17791,140201677.00000000,143.49011587,0
425,2020-07-21 09:00:00.000,0.00000105,0.00000110,0.00000092,0.00000096,121960866.00000000,2020-07-22 08:59:59.999,121.14474168,8163,44779900.00000000,44.72202550,0
426,2020-07-22 09:00:00.000,0.00000096,0.00000147,0.00000095,0.00000130,582058145.00000000,2020-07-23 08:59:59.999,740.07071180,29109,304291836.00000000,385.97958586,0
427,2020-07-23 09:00:00.000,0.00000130,0.00000153,0.00000121,0.00000122,434972472.00000000,2020-07-24 08:59:59.999,587.36988125,23780,189659092.00000000,258.56818875,0
428,2020-07-24 09:00:00.000,0.00000122,0.00000127,0.00000112,0.00000114,94265274.00000000,2020-07-25 08:59:59.999,112.53419898,6971,35500503.00000000,42.68338967,0
429,2020-07-25 09:00:00.000,0.00000114,0.00000126,0.00000111,0.00000111,99039320.00000000,2020-07-26 08:59:59.999,117.24363019,8489,42715746.00000000,50.89282200,0
430,2020-07-26 09:00:00.000,0.00000111,0.00000116,0.00000098,0.00000106,85385016.00000000,2020-07-27 08:59:59.999,90.27143191,8487,35469086.00000000,37.59251185,0
431,2020-07-27 09:00:00.000,0.00000106,0.00000106,0.00000076,0.00000080,188556694.00000000,2020-07-28 08:59:59.999,163.04385763,10320,70411672.00000000,61.06709110,0
432,2020-07-28 09:00:00.000,0.00000079,0.00000089,0.00000077,0.00000087,74928663.00000000,2020-07-29 08:59:59.999,62.47796603,4200,35358236.00000000,29.60748595,0
433,2020-07-29 09:00:00.000,0.00000087,0.00000088,0.00000080,0.00000082,60288570.00000000,2020-07-30 08:59:59.999,51.01902530,4172,26505066.00000000,22.51882254,0
434,2020-07-30 09:00:00.000,0.00000082,0.00000086,0.00000082,0.00000084,33021038.00000000,2020-07-31 08:59:59.999,27.60640441,2429,13248654.00000000,11.13422081,0
435,2020-07-31 09:00:00.000,0.00000084,0.00000091,0.00000077,0.00000080,54355962.00000000,2020-08-01 08:59:59.999,45.48540366,3614,22030029.00000000,18.71789134,0
436,2020-08-01 09:00:00.000,0.00000079,0.00000080,0.00000073,0.00000077,53034630.00000000,2020-08-02 08:59:59.999,40.68051996,3443,20177745.00000000,15.62147179,0
437,2020-08-02 09:00:00.000,0.00000077,0.00000084,0.00000071,0.00000080,54651317.00000000,2020-08-03 08:59:59.999,42.03946361,4146,20153547.00000000,15.74576717,0
438,2020-08-03 09:00:00.000,0.00000080,0.00000085,0.00000076,0.00000078,27422661.00000000,2020-08-04 08:59:59.999,21.85671880,2142,9064962.00000000,7.31728863,0
439,2020-08-04 09:00:00.000,0.00000078,0.00000083,0.00000076,0.00000081,19781071.00000000,2020-08-05 08:59:59.999,15.72739818,1715,10172485.00000000,8.14628231,0
440,2020-08-05 09:00:00.000,0.00000082,0.00000085,0.00000076,0.00000078,25420376.00000000,2020-08-06 08:59:59.999,20.32906850,2190,9410068.00000000,7.59073570,0
441,2020-08-06 09:00:00.000,0.00000078,0.00000088,0.00000077,0.00000085,74643587.00000000,2020-08-07 08:59:59.999,62.62643621,5249,40794724.00000000,34.30828382,0
442,2020-08-07 09:00:00.000,0.00000085,0.00000096,0.00000083,0.00000086,84513168.00000000,2020-08-08 08:59:59.999,75.62727016,6177,41010150.00000000,36.80576217,0
443,2020-08-08 09:00:00.000,0.00000086,0.00000093,0.00000085,0.00000089,41796413.00000000,2020-08-09 08:59:59.999,36.90504692,2872,22144333.00000000,19.58739680,0
444,2020-08-09 09:00:00.000,0.00000088,0.00000095,0.00000085,0.00000093,107649838.00000000,2020-08-10 08:59:59.999,96.81077186,5600,53723873.00000000,48.44275656,0
445,2020-08-10 09:00:00.000,0.00000092,0.00000111,0.00000086,0.00000106,231661200.00000000,2020-08-11 08:59:59.999,227.02627933,14170,112814487.00000000,111.68487685,0
446,2020-08-11 09:00:00.000,0.00000106,0.00000115,0.00000091,0.00000096,170964227.00000000,2020-08-12 08:59:59.999,173.26609700,12289,72694124.00000000,74.14058665,0
447,2020-08-12 09:00:00.000,0.00000097,0.00000105,0.00000094,0.00000100,80838477.00000000,2020-08-13 08:59:59.999,80.54226361,6746,35904934.00000000,36.00566445,0
448,2020-08-13 09:00:00.000,0.00000100,0.00000102,0.00000091,0.00000092,90528518.00000000,2020-08-14 08:59:59.999,88.16469443,6421,35787675.00000000,34.97675773,0
449,2020-08-14 09:00:00.000,0.00000092,0.00000101,0.00000091,0.00000097,61744258.00000000,2020-08-15 08:59:59.999,59.61916861,5072,28285169.00000000,27.48266536,0
450,2020-08-15 09:00:00.000,0.00000097,0.00000097,0.00000088,0.00000091,61120109.00000000,2020-08-16 08:59:59.999,56.56130606,4504,20297699.00000000,18.88010718,0
451,2020-08-16 09:00:00.000,0.00000091,0.00000103,0.00000089,0.00000099,60690635.00000000,2020-08-17 08:59:59.999,59.10179073,5888,35010128.00000000,33.94714519,0
452,2020-08-17 09:00:00.000,0.00000098,0.00000104,0.00000090,0.00000096,94730503.00000000,2020-08-18 08:59:59.999,92.31246223,8383,38134301.00000000,37.31622416,0
453,2020-08-18 09:00:00.000,0.00000095,0.00000099,0.00000093,0.00000094,54309530.00000000,2020-08-19 08:59:59.999,52.07012598,5373,25124042.00000000,24.19584689,0
454,2020-08-19 09:00:00.000,0.00000094,0.00000095,0.00000085,0.00000087,41371825.00000000,2020-08-20 08:59:59.999,37.35374739,4197,14964900.00000000,13.55591209,0
455,2020-08-20 09:00:00.000,0.00000088,0.00000092,0.00000087,0.00000090,20599824.00000000,2020-08-21 08:59:59.999,18.45578499,2206,10041022.00000000,9.03004666,0
456,2020-08-21 09:00:00.000,0.00000090,0.00000094,0.00000086,0.00000087,35145775.00000000,2020-08-22 08:59:59.999,31.56319889,3787,16377628.00000000,14.76263630,0
457,2020-08-22 09:00:00.000,0.00000086,0.00000086,0.00000081,0.00000084,34307019.00000000,2020-08-23 08:59:59.999,28.72418468,3856,14766414.00000000,12.39243933,0
458,2020-08-23 09:00:00.000,0.00000085,0.00000088,0.00000083,0.00000084,26968989.00000000,2020-08-24 08:59:59.999,22.84863994,2523,12372910.00000000,10.55054866,0
459,2020-08-24 09:00:00.000,0.00000084,0.00000093,0.00000083,0.00000092,68153049.00000000,2020-08-25 08:59:59.999,60.30399584,5608,34193808.00000000,30.41368167,0
460,2020-08-25 09:00:00.000,0.00000093,0.00000095,0.00000085,0.00000087,62710068.00000000,2020-08-26 08:59:59.999,56.56810171,6000,27978029.00000000,25.38371377,0
461,2020-08-26 09:00:00.000,0.00000088,0.00000092,0.00000087,0.00000090,58611527.00000000,2020-08-27 08:59:59.999,52.02482169,4985,24496219.00000000,21.87631216,0
462,2020-08-27 09:00:00.000,0.00000090,0.00000091,0.00000083,0.00000085,38078279.00000000,2020-08-28 08:59:59.999,32.87077245,3282,12934074.00000000,11.25171045,0
463,2020-08-28 09:00:00.000,0.00000084,0.00000089,0.00000084,0.00000088,26418846.00000000,2020-08-29 08:59:59.999,22.70353955,2684,14578936.00000000,12.57230105,0
464,2020-08-29 09:00:00.000,0.00000088,0.00000095,0.00000086,0.00000093,34823225.00000000,2020-08-30 08:59:59.999,31.40683863,3854,18649132.00000000,16.92505309,0
465,2020-08-30 09:00:00.000,0.00000093,0.00000094,0.00000089,0.00000089,33008597.00000000,2020-08-31 08:59:59.999,30.04937090,3138,12951063.00000000,11.85432328,0
466,2020-08-31 09:00:00.000,0.00000090,0.00000097,0.00000086,0.00000095,96735681.00000000,2020-09-01 08:59:59.999,89.31337558,5944,58732989.00000000,54.50196799,0
467,2020-09-01 09:00:00.000,0.00000096,0.00000098,0.00000090,0.00000092,96436359.00000000,2020-09-02 08:59:59.999,90.80143836,8535,42437686.00000000,40.18419581,0
468,2020-09-02 09:00:00.000,0.00000092,0.00000092,0.00000082,0.00000086,52414416.00000000,2020-09-03 08:59:59.999,45.47989075,4186,18934106.00000000,16.52438157,0
469,2020-09-03 09:00:00.000,0.00000085,0.00000088,0.00000072,0.00000073,62504247.00000000,2020-09-04 08:59:59.999,50.06728953,4789,21178916.00000000,17.04013912,0
470,2020-09-04 09:00:00.000,0.00000073,0.00000082,0.00000068,0.00000076,161427620.00000000,2020-09-05 08:59:59.999,122.99184212,6258,119618220.00000000,91.78024188,0
471,2020-09-05 09:00:00.000,0.00000076,0.00000077,0.00000064,0.00000066,64462844.00000000,2020-09-06 08:59:59.999,44.63877224,5744,22291454.00000000,15.53001496,0
472,2020-09-06 09:00:00.000,0.00000066,0.00000077,0.00000063,0.00000068,146089549.00000000,2020-09-07 08:59:59.999,103.37181583,4883,105479383.00000000,75.61098939,0
473,2020-09-07 09:00:00.000,0.00000069,0.00000072,0.00000064,0.00000066,34739478.00000000,2020-09-08 08:59:59.999,23.20164489,4379,13868454.00000000,9.32044331,0
474,2020-09-08 09:00:00.000,0.00000066,0.00000073,0.00000064,0.00000071,85427840.00000000,2020-09-09 08:59:59.999,59.28277209,6498,53683120.00000000,37.61069528,0
475,2020-09-09 09:00:00.000,0.00000071,0.00000072,0.00000068,0.00000070,22381162.00000000,2020-09-10 08:59:59.999,15.64744826,1999,10063831.00000000,7.07987548,0
476,2020-09-10 09:00:00.000,0.00000070,0.00000074,0.00000069,0.00000070,49604349.00000000,2020-09-11 08:59:59.999,35.30715020,3109,21716268.00000000,15.56958255,0
477,2020-09-11 09:00:00.000,0.00000070,0.00000073,0.00000068,0.00000071,21242084.00000000,2020-09-12 08:59:59.999,14.95007013,1347,10972421.00000000,7.74778869,0
478,2020-09-12 09:00:00.000,0.00000072,0.00000072,0.00000069,0.00000072,20033670.00000000,2020-09-13 08:59:59.999,14.17567815,1327,9327945.00000000,6.63107116,0
479,2020-09-13 09:00:00.000,0.00000072,0.00000072,0.00000065,0.00000067,17910652.00000000,2020-09-14 08:59:59.999,12.28244524,1119,5775757.00000000,3.95883622,0
480,2020-09-14 09:00:00.000,0.00000067,0.00000068,0.00000064,0.00000065,14320224.00000000,2020-09-15 08:59:59.999,9.46614397,1022,7012044.00000000,4.65856904,0
481,2020-09-15 09:00:00.000,0.00000065,0.00000065,0.00000057,0.00000059,26846163.00000000,2020-09-16 08:59:59.999,16.43553685,1644,10631308.00000000,6.54738971,0
482,2020-09-16 09:00:00.000,0.00000059,0.00000064,0.00000054,0.00000056,61489271.00000000,2020-09-17 08:59:59.999,36.23251840,2131,39154686.00000000,23.43230414,0
483,2020-09-17 09:00:00.000,0.00000055,0.00000063,0.00000052,0.00000057,128787472.00000000,2020-09-18 08:59:59.999,74.10052198,3633,84694498.00000000,48.96106304,0
484,2020-09-18 09:00:00.000,0.00000057,0.00000057,0.00000053,0.00000054,20964711.00000000,2020-09-19 08:59:59.999,11.56755200,1044,8535545.00000000,4.73136296,0
485,2020-09-19 09:00:00.000,0.00000054,0.00000055,0.00000052,0.00000052,24144030.00000000,2020-09-20 08:59:59.999,12.74529442,1046,7661674.00000000,4.08635907,0
486,2020-09-20 09:00:00.000,0.00000052,0.00000054,0.00000051,0.00000053,24594007.00000000,2020-09-21 08:59:59.999,12.90866173,1164,12186584.00000000,6.41629532,0
487,2020-09-21 09:00:00.000,0.00000053,0.00000058,0.00000046,0.00000050,51367965.00000000,2020-09-22 08:59:59.999,25.94764660,2932,24114137.00000000,12.25764645,0
488,2020-09-22 09:00:00.000,0.00000049,0.00000057,0.00000046,0.00000049,138010213.00000000,2020-09-23 08:59:59.999,72.30670629,2888,101644992.00000000,54.12165145,0
489,2020-09-23 09:00:00.000,0.00000049,0.00000055,0.00000046,0.00000047,164667341.00000000,2020-09-24 08:59:59.999,84.06061690,3674,117053003.00000000,60.30976240,0
490,2020-09-24 09:00:00.000,0.00000048,0.00000054,0.00000048,0.00000050,186608008.00000000,2020-09-25 08:59:59.999,96.20364517,2972,116767385.00000000,60.45408063,0
491,2020-09-25 09:00:00.000,0.00000050,0.00000055,0.00000050,0.00000051,29457309.00000000,2020-09-26 08:59:59.999,15.28878833,1357,16899312.00000000,8.80981344,0
492,2020-09-26 09:00:00.000,0.00000052,0.00000053,0.00000051,0.00000052,15610852.00000000,2020-09-27 08:59:59.999,8.11818392,720,5776282.00000000,3.01334484,0
493,2020-09-27 09:00:00.000,0.00000052,0.00000052,0.00000049,0.00000050,16855197.00000000,2020-09-28 08:59:59.999,8.56462830,812,6444069.00000000,3.29810416,0
494,2020-09-28 09:00:00.000,0.00000050,0.00000053,0.00000050,0.00000051,12434851.00000000,2020-09-29 08:59:59.999,6.40376946,877,7332158.00000000,3.78887016,0
495,2020-09-29 09:00:00.000,0.00000051,0.00000052,0.00000048,0.00000049,15858571.00000000,2020-09-30 08:59:59.999,7.81897989,776,8017331.00000000,3.95960584,0
496,2020-09-30 09:00:00.000,0.00000050,0.00000052,0.00000048,0.00000051,26111511.00000000,2020-10-01 08:59:59.999,13.15500348,1278,11608548.00000000,5.87463754,0
497,2020-10-01 09:00:00.000,0.00000051,0.00000054,0.00000050,0.00000050,17702142.00000000,2020-10-02 08:59:59.999,9.21051428,1067,9064820.00000000,4.71835061,0
498,2020-10-02 09:00:00.000,0.00000051,0.00000051,0.00000047,0.00000049,16347930.00000000,2020-10-03 08:59:59.999,8.00170240,903,7547788.00000000,3.70861484,0
499,2020-10-03 09:00:00.000,0.00000049,0.00000050,0.00000048,0.00000049,3338407.00000000,2020-10-04 08:59:59.999,1.63355339,149,2178287.00000000,1.06835724,0
